Time Stamp,Time Zone,Fuel Category,Gen MW
12/19/2021 00:05:00,EST,Dual Fuel,3101.0
12/19/2021 00:05:00,EST,Natural Gas,2009.0
12/19/2021 00:05:00,EST,Nuclear,3341.0
12/19/2021 00:05:00,EST,Other Fossil Fuels,3.0
12/19/2021 00:05:00,EST,Other Renewables,270.0
12/19/2021 00:05:00,EST,Wind,161.0
12/19/2021 00:05:00,EST,Hydro,3113.0
12/19/2021 00:10:00,EST,Dual Fuel,3103.0
12/19/2021 00:10:00,EST,Natural Gas,1992.0
12/19/2021 00:10:00,EST,Nuclear,3340.0
12/19/2021 00:10:00,EST,Other Fossil Fuels,3.0
12/19/2021 00:10:00,EST,Other Renewables,268.0
12/19/2021 00:10:00,EST,Wind,169.0
12/19/2021 00:10:00,EST,Hydro,3115.0
12/19/2021 00:15:00,EST,Dual Fuel,3105.0
12/19/2021 00:15:00,EST,Natural Gas,1967.0
12/19/2021 00:15:00,EST,Nuclear,3341.0
12/19/2021 00:15:00,EST,Other Fossil Fuels,3.0
12/19/2021 00:15:00,EST,Other Renewables,266.0
12/19/2021 00:15:00,EST,Wind,193.0
12/19/2021 00:15:00,EST,Hydro,3066.0
12/19/2021 00:20:00,EST,Dual Fuel,3120.0
12/19/2021 00:20:00,EST,Natural Gas,1961.0
12/19/2021 00:20:00,EST,Nuclear,3341.0
12/19/2021 00:20:00,EST,Other Fossil Fuels,3.0
12/19/2021 00:20:00,EST,Other Renewables,265.0
12/19/2021 00:20:00,EST,Wind,190.0
12/19/2021 00:20:00,EST,Hydro,3000.0
12/19/2021 00:25:00,EST,Dual Fuel,3128.0
12/19/2021 00:25:00,EST,Natural Gas,1916.0
12/19/2021 00:25:00,EST,Nuclear,3340.0
12/19/2021 00:25:00,EST,Other Fossil Fuels,3.0
12/19/2021 00:25:00,EST,Other Renewables,267.0
12/19/2021 00:25:00,EST,Wind,192.0
12/19/2021 00:25:00,EST,Hydro,3063.0
12/19/2021 00:30:00,EST,Dual Fuel,3125.0
12/19/2021 00:30:00,EST,Natural Gas,1883.0
12/19/2021 00:30:00,EST,Nuclear,3341.0
12/19/2021 00:30:00,EST,Other Fossil Fuels,3.0
12/19/2021 00:30:00,EST,Other Renewables,268.0
12/19/2021 00:30:00,EST,Wind,192.0
12/19/2021 00:30:00,EST,Hydro,3064.0
12/19/2021 00:35:00,EST,Dual Fuel,3128.0
12/19/2021 00:35:00,EST,Natural Gas,1886.0
12/19/2021 00:35:00,EST,Nuclear,3339.0
12/19/2021 00:35:00,EST,Other Fossil Fuels,3.0
12/19/2021 00:35:00,EST,Other Renewables,265.0
12/19/2021 00:35:00,EST,Wind,197.0
12/19/2021 00:35:00,EST,Hydro,3077.0
12/19/2021 00:40:00,EST,Dual Fuel,3128.0
12/19/2021 00:40:00,EST,Natural Gas,1885.0
12/19/2021 00:40:00,EST,Nuclear,3341.0
12/19/2021 00:40:00,EST,Other Fossil Fuels,3.0
12/19/2021 00:40:00,EST,Other Renewables,267.0
12/19/2021 00:40:00,EST,Wind,198.0
12/19/2021 00:40:00,EST,Hydro,3085.0
12/19/2021 00:45:00,EST,Dual Fuel,3090.0
12/19/2021 00:45:00,EST,Natural Gas,1888.0
12/19/2021 00:45:00,EST,Nuclear,3341.0
12/19/2021 00:45:00,EST,Other Fossil Fuels,3.0
12/19/2021 00:45:00,EST,Other Renewables,267.0
12/19/2021 00:45:00,EST,Wind,199.0
12/19/2021 00:45:00,EST,Hydro,3018.0
12/19/2021 00:50:00,EST,Dual Fuel,3069.0
12/19/2021 00:50:00,EST,Natural Gas,1891.0
12/19/2021 00:50:00,EST,Nuclear,3340.0
12/19/2021 00:50:00,EST,Other Fossil Fuels,3.0
12/19/2021 00:50:00,EST,Other Renewables,268.0
12/19/2021 00:50:00,EST,Wind,192.0
12/19/2021 00:50:00,EST,Hydro,3012.0
12/19/2021 00:55:00,EST,Dual Fuel,2989.0
12/19/2021 00:55:00,EST,Natural Gas,1885.0
12/19/2021 00:55:00,EST,Nuclear,3341.0
12/19/2021 00:55:00,EST,Other Fossil Fuels,3.0
12/19/2021 00:55:00,EST,Other Renewables,269.0
12/19/2021 00:55:00,EST,Wind,191.0
12/19/2021 00:55:00,EST,Hydro,2973.0
12/19/2021 01:00:00,EST,Dual Fuel,3006.0
12/19/2021 01:00:00,EST,Natural Gas,1877.0
12/19/2021 01:00:00,EST,Nuclear,3340.0
12/19/2021 01:00:00,EST,Other Fossil Fuels,3.0
12/19/2021 01:00:00,EST,Other Renewables,269.0
12/19/2021 01:00:00,EST,Wind,195.0
12/19/2021 01:00:00,EST,Hydro,2993.0
12/19/2021 01:05:00,EST,Dual Fuel,3093.0
12/19/2021 01:05:00,EST,Natural Gas,1877.0
12/19/2021 01:05:00,EST,Nuclear,3341.0
12/19/2021 01:05:00,EST,Other Fossil Fuels,3.0
12/19/2021 01:05:00,EST,Other Renewables,275.0
12/19/2021 01:05:00,EST,Wind,191.0
12/19/2021 01:05:00,EST,Hydro,3129.0
12/19/2021 01:10:00,EST,Dual Fuel,3170.0
12/19/2021 01:10:00,EST,Natural Gas,1883.0
12/19/2021 01:10:00,EST,Nuclear,3341.0
12/19/2021 01:10:00,EST,Other Fossil Fuels,3.0
12/19/2021 01:10:00,EST,Other Renewables,275.0
12/19/2021 01:10:00,EST,Wind,179.0
12/19/2021 01:10:00,EST,Hydro,3197.0
12/19/2021 01:15:00,EST,Dual Fuel,3181.0
12/19/2021 01:15:00,EST,Natural Gas,1876.0
12/19/2021 01:15:00,EST,Nuclear,3341.0
12/19/2021 01:15:00,EST,Other Fossil Fuels,3.0
12/19/2021 01:15:00,EST,Other Renewables,267.0
12/19/2021 01:15:00,EST,Wind,164.0
12/19/2021 01:15:00,EST,Hydro,3150.0
12/19/2021 01:20:00,EST,Dual Fuel,3123.0
12/19/2021 01:20:00,EST,Natural Gas,1880.0
12/19/2021 01:20:00,EST,Nuclear,3342.0
12/19/2021 01:20:00,EST,Other Fossil Fuels,3.0
12/19/2021 01:20:00,EST,Other Renewables,265.0
12/19/2021 01:20:00,EST,Wind,153.0
12/19/2021 01:20:00,EST,Hydro,3156.0
12/19/2021 01:25:00,EST,Dual Fuel,3116.0
12/19/2021 01:25:00,EST,Natural Gas,1880.0
12/19/2021 01:25:00,EST,Nuclear,3342.0
12/19/2021 01:25:00,EST,Other Fossil Fuels,3.0
12/19/2021 01:25:00,EST,Other Renewables,265.0
12/19/2021 01:25:00,EST,Wind,157.0
12/19/2021 01:25:00,EST,Hydro,3147.0
12/19/2021 01:30:00,EST,Dual Fuel,3094.0
12/19/2021 01:30:00,EST,Natural Gas,1880.0
12/19/2021 01:30:00,EST,Nuclear,3342.0
12/19/2021 01:30:00,EST,Other Fossil Fuels,3.0
12/19/2021 01:30:00,EST,Other Renewables,268.0
12/19/2021 01:30:00,EST,Wind,163.0
12/19/2021 01:30:00,EST,Hydro,3098.0
12/19/2021 01:35:00,EST,Dual Fuel,3075.0
12/19/2021 01:35:00,EST,Natural Gas,1874.0
12/19/2021 01:35:00,EST,Nuclear,3341.0
12/19/2021 01:35:00,EST,Other Fossil Fuels,3.0
12/19/2021 01:35:00,EST,Other Renewables,268.0
12/19/2021 01:35:00,EST,Wind,165.0
12/19/2021 01:35:00,EST,Hydro,3067.0
12/19/2021 01:40:00,EST,Dual Fuel,3075.0
12/19/2021 01:40:00,EST,Natural Gas,1875.0
12/19/2021 01:40:00,EST,Nuclear,3342.0
12/19/2021 01:40:00,EST,Other Fossil Fuels,3.0
12/19/2021 01:40:00,EST,Other Renewables,269.0
12/19/2021 01:40:00,EST,Wind,159.0
12/19/2021 01:40:00,EST,Hydro,3008.0
12/19/2021 01:45:00,EST,Dual Fuel,3078.0
12/19/2021 01:45:00,EST,Natural Gas,1875.0
12/19/2021 01:45:00,EST,Nuclear,3341.0
12/19/2021 01:45:00,EST,Other Fossil Fuels,3.0
12/19/2021 01:45:00,EST,Other Renewables,267.0
12/19/2021 01:45:00,EST,Wind,152.0
12/19/2021 01:45:00,EST,Hydro,2999.0
12/19/2021 01:50:00,EST,Dual Fuel,3077.0
12/19/2021 01:50:00,EST,Natural Gas,1881.0
12/19/2021 01:50:00,EST,Nuclear,3340.0
12/19/2021 01:50:00,EST,Other Fossil Fuels,3.0
12/19/2021 01:50:00,EST,Other Renewables,268.0
12/19/2021 01:50:00,EST,Wind,152.0
12/19/2021 01:50:00,EST,Hydro,3010.0
12/19/2021 01:55:00,EST,Dual Fuel,3078.0
12/19/2021 01:55:00,EST,Natural Gas,1879.0
12/19/2021 01:55:00,EST,Nuclear,3341.0
12/19/2021 01:55:00,EST,Other Fossil Fuels,3.0
12/19/2021 01:55:00,EST,Other Renewables,267.0
12/19/2021 01:55:00,EST,Wind,149.0
12/19/2021 01:55:00,EST,Hydro,2981.0
12/19/2021 02:00:00,EST,Dual Fuel,3046.0
12/19/2021 02:00:00,EST,Natural Gas,1878.0
12/19/2021 02:00:00,EST,Nuclear,3340.0
12/19/2021 02:00:00,EST,Other Fossil Fuels,3.0
12/19/2021 02:00:00,EST,Other Renewables,268.0
12/19/2021 02:00:00,EST,Wind,149.0
12/19/2021 02:00:00,EST,Hydro,2952.0
12/19/2021 02:05:00,EST,Dual Fuel,2990.0
12/19/2021 02:05:00,EST,Natural Gas,1876.0
12/19/2021 02:05:00,EST,Nuclear,3340.0
12/19/2021 02:05:00,EST,Other Fossil Fuels,3.0
12/19/2021 02:05:00,EST,Other Renewables,266.0
12/19/2021 02:05:00,EST,Wind,147.0
12/19/2021 02:05:00,EST,Hydro,3053.0
12/19/2021 02:10:00,EST,Dual Fuel,2982.0
12/19/2021 02:10:00,EST,Natural Gas,1878.0
12/19/2021 02:10:00,EST,Nuclear,3341.0
12/19/2021 02:10:00,EST,Other Fossil Fuels,3.0
12/19/2021 02:10:00,EST,Other Renewables,264.0
12/19/2021 02:10:00,EST,Wind,146.0
12/19/2021 02:10:00,EST,Hydro,3110.0
12/19/2021 02:15:00,EST,Dual Fuel,2959.0
12/19/2021 02:15:00,EST,Natural Gas,1882.0
12/19/2021 02:15:00,EST,Nuclear,3340.0
12/19/2021 02:15:00,EST,Other Fossil Fuels,3.0
12/19/2021 02:15:00,EST,Other Renewables,266.0
12/19/2021 02:15:00,EST,Wind,141.0
12/19/2021 02:15:00,EST,Hydro,3069.0
12/19/2021 02:20:00,EST,Dual Fuel,2961.0
12/19/2021 02:20:00,EST,Natural Gas,1885.0
12/19/2021 02:20:00,EST,Nuclear,3340.0
12/19/2021 02:20:00,EST,Other Fossil Fuels,3.0
12/19/2021 02:20:00,EST,Other Renewables,265.0
12/19/2021 02:20:00,EST,Wind,143.0
12/19/2021 02:20:00,EST,Hydro,3053.0
12/19/2021 02:25:00,EST,Dual Fuel,2959.0
12/19/2021 02:25:00,EST,Natural Gas,1918.0
12/19/2021 02:25:00,EST,Nuclear,3341.0
12/19/2021 02:25:00,EST,Other Fossil Fuels,3.0
12/19/2021 02:25:00,EST,Other Renewables,263.0
12/19/2021 02:25:00,EST,Wind,150.0
12/19/2021 02:25:00,EST,Hydro,2946.0
12/19/2021 02:30:00,EST,Dual Fuel,2950.0
12/19/2021 02:30:00,EST,Natural Gas,1899.0
12/19/2021 02:30:00,EST,Nuclear,3341.0
12/19/2021 02:30:00,EST,Other Fossil Fuels,3.0
12/19/2021 02:30:00,EST,Other Renewables,260.0
12/19/2021 02:30:00,EST,Wind,169.0
12/19/2021 02:30:00,EST,Hydro,2962.0
12/19/2021 02:35:00,EST,Dual Fuel,2932.0
12/19/2021 02:35:00,EST,Natural Gas,1898.0
12/19/2021 02:35:00,EST,Nuclear,3341.0
12/19/2021 02:35:00,EST,Other Fossil Fuels,3.0
12/19/2021 02:35:00,EST,Other Renewables,257.0
12/19/2021 02:35:00,EST,Wind,189.0
12/19/2021 02:35:00,EST,Hydro,2982.0
12/19/2021 02:40:00,EST,Dual Fuel,2911.0
12/19/2021 02:40:00,EST,Natural Gas,1892.0
12/19/2021 02:40:00,EST,Nuclear,3342.0
12/19/2021 02:40:00,EST,Other Fossil Fuels,3.0
12/19/2021 02:40:00,EST,Other Renewables,260.0
12/19/2021 02:40:00,EST,Wind,200.0
12/19/2021 02:40:00,EST,Hydro,2941.0
12/19/2021 02:45:00,EST,Dual Fuel,2891.0
12/19/2021 02:45:00,EST,Natural Gas,1850.0
12/19/2021 02:45:00,EST,Nuclear,3341.0
12/19/2021 02:45:00,EST,Other Fossil Fuels,3.0
12/19/2021 02:45:00,EST,Other Renewables,262.0
12/19/2021 02:45:00,EST,Wind,205.0
12/19/2021 02:45:00,EST,Hydro,2972.0
12/19/2021 02:50:00,EST,Dual Fuel,2873.0
12/19/2021 02:50:00,EST,Natural Gas,1853.0
12/19/2021 02:50:00,EST,Nuclear,3340.0
12/19/2021 02:50:00,EST,Other Fossil Fuels,3.0
12/19/2021 02:50:00,EST,Other Renewables,262.0
12/19/2021 02:50:00,EST,Wind,209.0
12/19/2021 02:50:00,EST,Hydro,2958.0
12/19/2021 02:55:00,EST,Dual Fuel,2861.0
12/19/2021 02:55:00,EST,Natural Gas,1850.0
12/19/2021 02:55:00,EST,Nuclear,3341.0
12/19/2021 02:55:00,EST,Other Fossil Fuels,3.0
12/19/2021 02:55:00,EST,Other Renewables,263.0
12/19/2021 02:55:00,EST,Wind,214.0
12/19/2021 02:55:00,EST,Hydro,3014.0
12/19/2021 03:00:00,EST,Dual Fuel,2883.0
12/19/2021 03:00:00,EST,Natural Gas,1839.0
12/19/2021 03:00:00,EST,Nuclear,3342.0
12/19/2021 03:00:00,EST,Other Fossil Fuels,3.0
12/19/2021 03:00:00,EST,Other Renewables,266.0
12/19/2021 03:00:00,EST,Wind,213.0
12/19/2021 03:00:00,EST,Hydro,3018.0
12/19/2021 03:05:00,EST,Dual Fuel,2977.0
12/19/2021 03:05:00,EST,Natural Gas,1850.0
12/19/2021 03:05:00,EST,Nuclear,3341.0
12/19/2021 03:05:00,EST,Other Fossil Fuels,3.0
12/19/2021 03:05:00,EST,Other Renewables,267.0
12/19/2021 03:05:00,EST,Wind,203.0
12/19/2021 03:05:00,EST,Hydro,2978.0
12/19/2021 03:10:00,EST,Dual Fuel,3111.0
12/19/2021 03:10:00,EST,Natural Gas,1851.0
12/19/2021 03:10:00,EST,Nuclear,3342.0
12/19/2021 03:10:00,EST,Other Fossil Fuels,3.0
12/19/2021 03:10:00,EST,Other Renewables,268.0
12/19/2021 03:10:00,EST,Wind,193.0
12/19/2021 03:10:00,EST,Hydro,2905.0
12/19/2021 03:15:00,EST,Dual Fuel,3142.0
12/19/2021 03:15:00,EST,Natural Gas,1855.0
12/19/2021 03:15:00,EST,Nuclear,3341.0
12/19/2021 03:15:00,EST,Other Fossil Fuels,3.0
12/19/2021 03:15:00,EST,Other Renewables,268.0
12/19/2021 03:15:00,EST,Wind,191.0
12/19/2021 03:15:00,EST,Hydro,2888.0
12/19/2021 03:20:00,EST,Dual Fuel,3079.0
12/19/2021 03:20:00,EST,Natural Gas,1851.0
12/19/2021 03:20:00,EST,Nuclear,3342.0
12/19/2021 03:20:00,EST,Other Fossil Fuels,3.0
12/19/2021 03:20:00,EST,Other Renewables,266.0
12/19/2021 03:20:00,EST,Wind,186.0
12/19/2021 03:20:00,EST,Hydro,2916.0
12/19/2021 03:25:00,EST,Dual Fuel,3127.0
12/19/2021 03:25:00,EST,Natural Gas,1845.0
12/19/2021 03:25:00,EST,Nuclear,3342.0
12/19/2021 03:25:00,EST,Other Fossil Fuels,3.0
12/19/2021 03:25:00,EST,Other Renewables,267.0
12/19/2021 03:25:00,EST,Wind,192.0
12/19/2021 03:25:00,EST,Hydro,2815.0
12/19/2021 03:30:00,EST,Dual Fuel,3128.0
12/19/2021 03:30:00,EST,Natural Gas,1843.0
12/19/2021 03:30:00,EST,Nuclear,3341.0
12/19/2021 03:30:00,EST,Other Fossil Fuels,3.0
12/19/2021 03:30:00,EST,Other Renewables,267.0
12/19/2021 03:30:00,EST,Wind,205.0
12/19/2021 03:30:00,EST,Hydro,2805.0
12/19/2021 03:35:00,EST,Dual Fuel,3068.0
12/19/2021 03:35:00,EST,Natural Gas,1840.0
12/19/2021 03:35:00,EST,Nuclear,3342.0
12/19/2021 03:35:00,EST,Other Fossil Fuels,3.0
12/19/2021 03:35:00,EST,Other Renewables,266.0
12/19/2021 03:35:00,EST,Wind,207.0
12/19/2021 03:35:00,EST,Hydro,2806.0
12/19/2021 03:40:00,EST,Dual Fuel,3010.0
12/19/2021 03:40:00,EST,Natural Gas,1839.0
12/19/2021 03:40:00,EST,Nuclear,3342.0
12/19/2021 03:40:00,EST,Other Fossil Fuels,3.0
12/19/2021 03:40:00,EST,Other Renewables,266.0
12/19/2021 03:40:00,EST,Wind,200.0
12/19/2021 03:40:00,EST,Hydro,2808.0
12/19/2021 03:45:00,EST,Dual Fuel,2962.0
12/19/2021 03:45:00,EST,Natural Gas,1835.0
12/19/2021 03:45:00,EST,Nuclear,3341.0
12/19/2021 03:45:00,EST,Other Fossil Fuels,3.0
12/19/2021 03:45:00,EST,Other Renewables,266.0
12/19/2021 03:45:00,EST,Wind,197.0
12/19/2021 03:45:00,EST,Hydro,2823.0
12/19/2021 03:50:00,EST,Dual Fuel,2937.0
12/19/2021 03:50:00,EST,Natural Gas,1835.0
12/19/2021 03:50:00,EST,Nuclear,3341.0
12/19/2021 03:50:00,EST,Other Fossil Fuels,3.0
12/19/2021 03:50:00,EST,Other Renewables,267.0
12/19/2021 03:50:00,EST,Wind,202.0
12/19/2021 03:50:00,EST,Hydro,2847.0
12/19/2021 03:55:00,EST,Dual Fuel,2920.0
12/19/2021 03:55:00,EST,Natural Gas,1836.0
12/19/2021 03:55:00,EST,Nuclear,3341.0
12/19/2021 03:55:00,EST,Other Fossil Fuels,3.0
12/19/2021 03:55:00,EST,Other Renewables,265.0
12/19/2021 03:55:00,EST,Wind,207.0
12/19/2021 03:55:00,EST,Hydro,2845.0
12/19/2021 04:00:00,EST,Dual Fuel,2950.0
12/19/2021 04:00:00,EST,Natural Gas,1837.0
12/19/2021 04:00:00,EST,Nuclear,3344.0
12/19/2021 04:00:00,EST,Other Fossil Fuels,3.0
12/19/2021 04:00:00,EST,Other Renewables,267.0
12/19/2021 04:00:00,EST,Wind,205.0
12/19/2021 04:00:00,EST,Hydro,2810.0
12/19/2021 04:05:00,EST,Dual Fuel,2980.0
12/19/2021 04:05:00,EST,Natural Gas,1837.0
12/19/2021 04:05:00,EST,Nuclear,3342.0
12/19/2021 04:05:00,EST,Other Fossil Fuels,3.0
12/19/2021 04:05:00,EST,Other Renewables,264.0
12/19/2021 04:05:00,EST,Wind,204.0
12/19/2021 04:05:00,EST,Hydro,2820.0
12/19/2021 04:10:00,EST,Dual Fuel,3001.0
12/19/2021 04:10:00,EST,Natural Gas,1838.0
12/19/2021 04:10:00,EST,Nuclear,3343.0
12/19/2021 04:10:00,EST,Other Fossil Fuels,3.0
12/19/2021 04:10:00,EST,Other Renewables,266.0
12/19/2021 04:10:00,EST,Wind,203.0
12/19/2021 04:10:00,EST,Hydro,2802.0
12/19/2021 04:15:00,EST,Dual Fuel,2966.0
12/19/2021 04:15:00,EST,Natural Gas,1837.0
12/19/2021 04:15:00,EST,Nuclear,3341.0
12/19/2021 04:15:00,EST,Other Fossil Fuels,3.0
12/19/2021 04:15:00,EST,Other Renewables,265.0
12/19/2021 04:15:00,EST,Wind,205.0
12/19/2021 04:15:00,EST,Hydro,2839.0
12/19/2021 04:20:00,EST,Dual Fuel,2918.0
12/19/2021 04:20:00,EST,Natural Gas,1837.0
12/19/2021 04:20:00,EST,Nuclear,3343.0
12/19/2021 04:20:00,EST,Other Fossil Fuels,3.0
12/19/2021 04:20:00,EST,Other Renewables,267.0
12/19/2021 04:20:00,EST,Wind,210.0
12/19/2021 04:20:00,EST,Hydro,2832.0
12/19/2021 04:25:00,EST,Dual Fuel,2874.0
12/19/2021 04:25:00,EST,Natural Gas,1839.0
12/19/2021 04:25:00,EST,Nuclear,3341.0
12/19/2021 04:25:00,EST,Other Fossil Fuels,3.0
12/19/2021 04:25:00,EST,Other Renewables,269.0
12/19/2021 04:25:00,EST,Wind,205.0
12/19/2021 04:25:00,EST,Hydro,2885.0
12/19/2021 04:30:00,EST,Dual Fuel,2889.0
12/19/2021 04:30:00,EST,Natural Gas,1841.0
12/19/2021 04:30:00,EST,Nuclear,3342.0
12/19/2021 04:30:00,EST,Other Fossil Fuels,3.0
12/19/2021 04:30:00,EST,Other Renewables,267.0
12/19/2021 04:30:00,EST,Wind,206.0
12/19/2021 04:30:00,EST,Hydro,2900.0
12/19/2021 04:35:00,EST,Dual Fuel,2895.0
12/19/2021 04:35:00,EST,Natural Gas,1839.0
12/19/2021 04:35:00,EST,Nuclear,3342.0
12/19/2021 04:35:00,EST,Other Fossil Fuels,3.0
12/19/2021 04:35:00,EST,Other Renewables,267.0
12/19/2021 04:35:00,EST,Wind,217.0
12/19/2021 04:35:00,EST,Hydro,2879.0
12/19/2021 04:40:00,EST,Dual Fuel,2895.0
12/19/2021 04:40:00,EST,Natural Gas,1846.0
12/19/2021 04:40:00,EST,Nuclear,3342.0
12/19/2021 04:40:00,EST,Other Fossil Fuels,3.0
12/19/2021 04:40:00,EST,Other Renewables,266.0
12/19/2021 04:40:00,EST,Wind,217.0
12/19/2021 04:40:00,EST,Hydro,2930.0
12/19/2021 04:45:00,EST,Dual Fuel,2899.0
12/19/2021 04:45:00,EST,Natural Gas,1849.0
12/19/2021 04:45:00,EST,Nuclear,3342.0
12/19/2021 04:45:00,EST,Other Fossil Fuels,3.0
12/19/2021 04:45:00,EST,Other Renewables,262.0
12/19/2021 04:45:00,EST,Wind,216.0
12/19/2021 04:45:00,EST,Hydro,2942.0
12/19/2021 04:50:00,EST,Dual Fuel,2899.0
12/19/2021 04:50:00,EST,Natural Gas,1847.0
12/19/2021 04:50:00,EST,Nuclear,3344.0
12/19/2021 04:50:00,EST,Other Fossil Fuels,3.0
12/19/2021 04:50:00,EST,Other Renewables,258.0
12/19/2021 04:50:00,EST,Wind,216.0
12/19/2021 04:50:00,EST,Hydro,2966.0
12/19/2021 04:55:00,EST,Dual Fuel,2906.0
12/19/2021 04:55:00,EST,Natural Gas,1848.0
12/19/2021 04:55:00,EST,Nuclear,3341.0
12/19/2021 04:55:00,EST,Other Fossil Fuels,3.0
12/19/2021 04:55:00,EST,Other Renewables,264.0
12/19/2021 04:55:00,EST,Wind,211.0
12/19/2021 04:55:00,EST,Hydro,2985.0
12/19/2021 05:00:00,EST,Dual Fuel,2949.0
12/19/2021 05:00:00,EST,Natural Gas,1843.0
12/19/2021 05:00:00,EST,Nuclear,3343.0
12/19/2021 05:00:00,EST,Other Fossil Fuels,3.0
12/19/2021 05:00:00,EST,Other Renewables,263.0
12/19/2021 05:00:00,EST,Wind,211.0
12/19/2021 05:00:00,EST,Hydro,2954.0
12/19/2021 05:05:00,EST,Dual Fuel,3042.0
12/19/2021 05:05:00,EST,Natural Gas,1828.0
12/19/2021 05:05:00,EST,Nuclear,3343.0
12/19/2021 05:05:00,EST,Other Fossil Fuels,3.0
12/19/2021 05:05:00,EST,Other Renewables,262.0
12/19/2021 05:05:00,EST,Wind,208.0
12/19/2021 05:05:00,EST,Hydro,2920.0
12/19/2021 05:10:00,EST,Dual Fuel,3092.0
12/19/2021 05:10:00,EST,Natural Gas,1830.0
12/19/2021 05:10:00,EST,Nuclear,3342.0
12/19/2021 05:10:00,EST,Other Fossil Fuels,3.0
12/19/2021 05:10:00,EST,Other Renewables,262.0
12/19/2021 05:10:00,EST,Wind,199.0
12/19/2021 05:10:00,EST,Hydro,2903.0
12/19/2021 05:15:00,EST,Dual Fuel,3100.0
12/19/2021 05:15:00,EST,Natural Gas,1842.0
12/19/2021 05:15:00,EST,Nuclear,3341.0
12/19/2021 05:15:00,EST,Other Fossil Fuels,3.0
12/19/2021 05:15:00,EST,Other Renewables,264.0
12/19/2021 05:15:00,EST,Wind,198.0
12/19/2021 05:15:00,EST,Hydro,2887.0
12/19/2021 05:20:00,EST,Dual Fuel,3066.0
12/19/2021 05:20:00,EST,Natural Gas,1875.0
12/19/2021 05:20:00,EST,Nuclear,3342.0
12/19/2021 05:20:00,EST,Other Fossil Fuels,3.0
12/19/2021 05:20:00,EST,Other Renewables,266.0
12/19/2021 05:20:00,EST,Wind,199.0
12/19/2021 05:20:00,EST,Hydro,2895.0
12/19/2021 05:25:00,EST,Dual Fuel,3048.0
12/19/2021 05:25:00,EST,Natural Gas,1880.0
12/19/2021 05:25:00,EST,Nuclear,3342.0
12/19/2021 05:25:00,EST,Other Fossil Fuels,3.0
12/19/2021 05:25:00,EST,Other Renewables,265.0
12/19/2021 05:25:00,EST,Wind,199.0
12/19/2021 05:25:00,EST,Hydro,2901.0
12/19/2021 05:30:00,EST,Dual Fuel,3025.0
12/19/2021 05:30:00,EST,Natural Gas,1899.0
12/19/2021 05:30:00,EST,Nuclear,3341.0
12/19/2021 05:30:00,EST,Other Fossil Fuels,3.0
12/19/2021 05:30:00,EST,Other Renewables,266.0
12/19/2021 05:30:00,EST,Wind,197.0
12/19/2021 05:30:00,EST,Hydro,2918.0
12/19/2021 05:35:00,EST,Dual Fuel,2947.0
12/19/2021 05:35:00,EST,Natural Gas,1892.0
12/19/2021 05:35:00,EST,Nuclear,3342.0
12/19/2021 05:35:00,EST,Other Fossil Fuels,3.0
12/19/2021 05:35:00,EST,Other Renewables,264.0
12/19/2021 05:35:00,EST,Wind,201.0
12/19/2021 05:35:00,EST,Hydro,2922.0
12/19/2021 05:40:00,EST,Dual Fuel,2954.0
12/19/2021 05:40:00,EST,Natural Gas,1889.0
12/19/2021 05:40:00,EST,Nuclear,3341.0
12/19/2021 05:40:00,EST,Other Fossil Fuels,3.0
12/19/2021 05:40:00,EST,Other Renewables,262.0
12/19/2021 05:40:00,EST,Wind,201.0
12/19/2021 05:40:00,EST,Hydro,2927.0
12/19/2021 05:45:00,EST,Dual Fuel,2931.0
12/19/2021 05:45:00,EST,Natural Gas,1906.0
12/19/2021 05:45:00,EST,Nuclear,3341.0
12/19/2021 05:45:00,EST,Other Fossil Fuels,3.0
12/19/2021 05:45:00,EST,Other Renewables,266.0
12/19/2021 05:45:00,EST,Wind,196.0
12/19/2021 05:45:00,EST,Hydro,2963.0
12/19/2021 05:50:00,EST,Dual Fuel,2903.0
12/19/2021 05:50:00,EST,Natural Gas,1933.0
12/19/2021 05:50:00,EST,Nuclear,3342.0
12/19/2021 05:50:00,EST,Other Fossil Fuels,3.0
12/19/2021 05:50:00,EST,Other Renewables,262.0
12/19/2021 05:50:00,EST,Wind,193.0
12/19/2021 05:50:00,EST,Hydro,2966.0
12/19/2021 05:55:00,EST,Dual Fuel,2858.0
12/19/2021 05:55:00,EST,Natural Gas,2012.0
12/19/2021 05:55:00,EST,Nuclear,3342.0
12/19/2021 05:55:00,EST,Other Fossil Fuels,3.0
12/19/2021 05:55:00,EST,Other Renewables,261.0
12/19/2021 05:55:00,EST,Wind,191.0
12/19/2021 05:55:00,EST,Hydro,2961.0
12/19/2021 06:00:00,EST,Dual Fuel,2840.0
12/19/2021 06:00:00,EST,Natural Gas,2035.0
12/19/2021 06:00:00,EST,Nuclear,3343.0
12/19/2021 06:00:00,EST,Other Fossil Fuels,3.0
12/19/2021 06:00:00,EST,Other Renewables,262.0
12/19/2021 06:00:00,EST,Wind,195.0
12/19/2021 06:00:00,EST,Hydro,3008.0
12/19/2021 06:05:00,EST,Dual Fuel,2938.0
12/19/2021 06:05:00,EST,Natural Gas,2051.0
12/19/2021 06:05:00,EST,Nuclear,3342.0
12/19/2021 06:05:00,EST,Other Fossil Fuels,3.0
12/19/2021 06:05:00,EST,Other Renewables,263.0
12/19/2021 06:05:00,EST,Wind,187.0
12/19/2021 06:05:00,EST,Hydro,3199.0
12/19/2021 06:10:00,EST,Dual Fuel,3049.0
12/19/2021 06:10:00,EST,Natural Gas,2125.0
12/19/2021 06:10:00,EST,Nuclear,3341.0
12/19/2021 06:10:00,EST,Other Fossil Fuels,3.0
12/19/2021 06:10:00,EST,Other Renewables,266.0
12/19/2021 06:10:00,EST,Wind,183.0
12/19/2021 06:10:00,EST,Hydro,3311.0
12/19/2021 06:15:00,EST,Dual Fuel,3033.0
12/19/2021 06:15:00,EST,Natural Gas,2135.0
12/19/2021 06:15:00,EST,Nuclear,3341.0
12/19/2021 06:15:00,EST,Other Fossil Fuels,3.0
12/19/2021 06:15:00,EST,Other Renewables,269.0
12/19/2021 06:15:00,EST,Wind,182.0
12/19/2021 06:15:00,EST,Hydro,3432.0
12/19/2021 06:20:00,EST,Dual Fuel,3142.0
12/19/2021 06:20:00,EST,Natural Gas,2151.0
12/19/2021 06:20:00,EST,Nuclear,3341.0
12/19/2021 06:20:00,EST,Other Fossil Fuels,3.0
12/19/2021 06:20:00,EST,Other Renewables,268.0
12/19/2021 06:20:00,EST,Wind,177.0
12/19/2021 06:20:00,EST,Hydro,3406.0
12/19/2021 06:25:00,EST,Dual Fuel,3178.0
12/19/2021 06:25:00,EST,Natural Gas,2152.0
12/19/2021 06:25:00,EST,Nuclear,3342.0
12/19/2021 06:25:00,EST,Other Fossil Fuels,3.0
12/19/2021 06:25:00,EST,Other Renewables,268.0
12/19/2021 06:25:00,EST,Wind,176.0
12/19/2021 06:25:00,EST,Hydro,3408.0
12/19/2021 06:30:00,EST,Dual Fuel,3192.0
12/19/2021 06:30:00,EST,Natural Gas,2151.0
12/19/2021 06:30:00,EST,Nuclear,3342.0
12/19/2021 06:30:00,EST,Other Fossil Fuels,3.0
12/19/2021 06:30:00,EST,Other Renewables,270.0
12/19/2021 06:30:00,EST,Wind,176.0
12/19/2021 06:30:00,EST,Hydro,3422.0
12/19/2021 06:35:00,EST,Dual Fuel,3150.0
12/19/2021 06:35:00,EST,Natural Gas,2153.0
12/19/2021 06:35:00,EST,Nuclear,3341.0
12/19/2021 06:35:00,EST,Other Fossil Fuels,3.0
12/19/2021 06:35:00,EST,Other Renewables,266.0
12/19/2021 06:35:00,EST,Wind,177.0
12/19/2021 06:35:00,EST,Hydro,3406.0
12/19/2021 06:40:00,EST,Dual Fuel,3117.0
12/19/2021 06:40:00,EST,Natural Gas,2152.0
12/19/2021 06:40:00,EST,Nuclear,3341.0
12/19/2021 06:40:00,EST,Other Fossil Fuels,3.0
12/19/2021 06:40:00,EST,Other Renewables,268.0
12/19/2021 06:40:00,EST,Wind,174.0
12/19/2021 06:40:00,EST,Hydro,3451.0
12/19/2021 06:45:00,EST,Dual Fuel,3083.0
12/19/2021 06:45:00,EST,Natural Gas,2138.0
12/19/2021 06:45:00,EST,Nuclear,3341.0
12/19/2021 06:45:00,EST,Other Fossil Fuels,3.0
12/19/2021 06:45:00,EST,Other Renewables,264.0
12/19/2021 06:45:00,EST,Wind,167.0
12/19/2021 06:45:00,EST,Hydro,3482.0
12/19/2021 06:50:00,EST,Dual Fuel,3060.0
12/19/2021 06:50:00,EST,Natural Gas,2138.0
12/19/2021 06:50:00,EST,Nuclear,3341.0
12/19/2021 06:50:00,EST,Other Fossil Fuels,3.0
12/19/2021 06:50:00,EST,Other Renewables,266.0
12/19/2021 06:50:00,EST,Wind,162.0
12/19/2021 06:50:00,EST,Hydro,3554.0
12/19/2021 06:55:00,EST,Dual Fuel,3072.0
12/19/2021 06:55:00,EST,Natural Gas,2146.0
12/19/2021 06:55:00,EST,Nuclear,3341.0
12/19/2021 06:55:00,EST,Other Fossil Fuels,3.0
12/19/2021 06:55:00,EST,Other Renewables,262.0
12/19/2021 06:55:00,EST,Wind,165.0
12/19/2021 06:55:00,EST,Hydro,3663.0
12/19/2021 07:00:00,EST,Dual Fuel,3128.0
12/19/2021 07:00:00,EST,Natural Gas,2145.0
12/19/2021 07:00:00,EST,Nuclear,3341.0
12/19/2021 07:00:00,EST,Other Fossil Fuels,3.0
12/19/2021 07:00:00,EST,Other Renewables,264.0
12/19/2021 07:00:00,EST,Wind,163.0
12/19/2021 07:00:00,EST,Hydro,3737.0
12/19/2021 07:05:00,EST,Dual Fuel,3252.0
12/19/2021 07:05:00,EST,Natural Gas,2144.0
12/19/2021 07:05:00,EST,Nuclear,3342.0
12/19/2021 07:05:00,EST,Other Fossil Fuels,3.0
12/19/2021 07:05:00,EST,Other Renewables,262.0
12/19/2021 07:05:00,EST,Wind,162.0
12/19/2021 07:05:00,EST,Hydro,3735.0
12/19/2021 07:10:00,EST,Dual Fuel,3333.0
12/19/2021 07:10:00,EST,Natural Gas,2156.0
12/19/2021 07:10:00,EST,Nuclear,3341.0
12/19/2021 07:10:00,EST,Other Fossil Fuels,3.0
12/19/2021 07:10:00,EST,Other Renewables,265.0
12/19/2021 07:10:00,EST,Wind,163.0
12/19/2021 07:10:00,EST,Hydro,3724.0
12/19/2021 07:15:00,EST,Dual Fuel,3336.0
12/19/2021 07:15:00,EST,Natural Gas,2180.0
12/19/2021 07:15:00,EST,Nuclear,3343.0
12/19/2021 07:15:00,EST,Other Fossil Fuels,3.0
12/19/2021 07:15:00,EST,Other Renewables,266.0
12/19/2021 07:15:00,EST,Wind,159.0
12/19/2021 07:15:00,EST,Hydro,3731.0
12/19/2021 07:20:00,EST,Dual Fuel,3326.0
12/19/2021 07:20:00,EST,Natural Gas,2180.0
12/19/2021 07:20:00,EST,Nuclear,3341.0
12/19/2021 07:20:00,EST,Other Fossil Fuels,3.0
12/19/2021 07:20:00,EST,Other Renewables,270.0
12/19/2021 07:20:00,EST,Wind,158.0
12/19/2021 07:20:00,EST,Hydro,3750.0
12/19/2021 07:25:00,EST,Dual Fuel,3327.0
12/19/2021 07:25:00,EST,Natural Gas,2180.0
12/19/2021 07:25:00,EST,Nuclear,3341.0
12/19/2021 07:25:00,EST,Other Fossil Fuels,3.0
12/19/2021 07:25:00,EST,Other Renewables,269.0
12/19/2021 07:25:00,EST,Wind,152.0
12/19/2021 07:25:00,EST,Hydro,3765.0
12/19/2021 07:30:00,EST,Dual Fuel,3349.0
12/19/2021 07:30:00,EST,Natural Gas,2206.0
12/19/2021 07:30:00,EST,Nuclear,3341.0
12/19/2021 07:30:00,EST,Other Fossil Fuels,3.0
12/19/2021 07:30:00,EST,Other Renewables,269.0
12/19/2021 07:30:00,EST,Wind,150.0
12/19/2021 07:30:00,EST,Hydro,3784.0
12/19/2021 07:35:00,EST,Dual Fuel,3381.0
12/19/2021 07:35:00,EST,Natural Gas,2254.0
12/19/2021 07:35:00,EST,Nuclear,3340.0
12/19/2021 07:35:00,EST,Other Fossil Fuels,3.0
12/19/2021 07:35:00,EST,Other Renewables,267.0
12/19/2021 07:35:00,EST,Wind,149.0
12/19/2021 07:35:00,EST,Hydro,3794.0
12/19/2021 07:40:00,EST,Dual Fuel,3391.0
12/19/2021 07:40:00,EST,Natural Gas,2281.0
12/19/2021 07:40:00,EST,Nuclear,3340.0
12/19/2021 07:40:00,EST,Other Fossil Fuels,3.0
12/19/2021 07:40:00,EST,Other Renewables,267.0
12/19/2021 07:40:00,EST,Wind,152.0
12/19/2021 07:40:00,EST,Hydro,3795.0
12/19/2021 07:45:00,EST,Dual Fuel,3394.0
12/19/2021 07:45:00,EST,Natural Gas,2316.0
12/19/2021 07:45:00,EST,Nuclear,3340.0
12/19/2021 07:45:00,EST,Other Fossil Fuels,3.0
12/19/2021 07:45:00,EST,Other Renewables,267.0
12/19/2021 07:45:00,EST,Wind,162.0
12/19/2021 07:45:00,EST,Hydro,3810.0
12/19/2021 07:50:00,EST,Dual Fuel,3397.0
12/19/2021 07:50:00,EST,Natural Gas,2352.0
12/19/2021 07:50:00,EST,Nuclear,3342.0
12/19/2021 07:50:00,EST,Other Fossil Fuels,3.0
12/19/2021 07:50:00,EST,Other Renewables,270.0
12/19/2021 07:50:00,EST,Wind,166.0
12/19/2021 07:50:00,EST,Hydro,3835.0
12/19/2021 07:55:00,EST,Dual Fuel,3402.0
12/19/2021 07:55:00,EST,Natural Gas,2351.0
12/19/2021 07:55:00,EST,Nuclear,3342.0
12/19/2021 07:55:00,EST,Other Fossil Fuels,3.0
12/19/2021 07:55:00,EST,Other Renewables,267.0
12/19/2021 07:55:00,EST,Wind,176.0
12/19/2021 07:55:00,EST,Hydro,3855.0
12/19/2021 08:00:00,EST,Dual Fuel,3421.0
12/19/2021 08:00:00,EST,Natural Gas,2412.0
12/19/2021 08:00:00,EST,Nuclear,3341.0
12/19/2021 08:00:00,EST,Other Fossil Fuels,3.0
12/19/2021 08:00:00,EST,Other Renewables,266.0
12/19/2021 08:00:00,EST,Wind,179.0
12/19/2021 08:00:00,EST,Hydro,3885.0
12/19/2021 08:05:00,EST,Dual Fuel,3436.0
12/19/2021 08:05:00,EST,Natural Gas,2442.0
12/19/2021 08:05:00,EST,Nuclear,3342.0
12/19/2021 08:05:00,EST,Other Fossil Fuels,3.0
12/19/2021 08:05:00,EST,Other Renewables,263.0
12/19/2021 08:05:00,EST,Wind,179.0
12/19/2021 08:05:00,EST,Hydro,3774.0
12/19/2021 08:10:00,EST,Dual Fuel,3446.0
12/19/2021 08:10:00,EST,Natural Gas,2463.0
12/19/2021 08:10:00,EST,Nuclear,3342.0
12/19/2021 08:10:00,EST,Other Fossil Fuels,3.0
12/19/2021 08:10:00,EST,Other Renewables,264.0
12/19/2021 08:10:00,EST,Wind,175.0
12/19/2021 08:10:00,EST,Hydro,3660.0
12/19/2021 08:15:00,EST,Dual Fuel,3389.0
12/19/2021 08:15:00,EST,Natural Gas,2496.0
12/19/2021 08:15:00,EST,Nuclear,3340.0
12/19/2021 08:15:00,EST,Other Fossil Fuels,3.0
12/19/2021 08:15:00,EST,Other Renewables,268.0
12/19/2021 08:15:00,EST,Wind,173.0
12/19/2021 08:15:00,EST,Hydro,3685.0
12/19/2021 08:20:00,EST,Dual Fuel,3372.0
12/19/2021 08:20:00,EST,Natural Gas,2543.0
12/19/2021 08:20:00,EST,Nuclear,3342.0
12/19/2021 08:20:00,EST,Other Fossil Fuels,3.0
12/19/2021 08:20:00,EST,Other Renewables,268.0
12/19/2021 08:20:00,EST,Wind,170.0
12/19/2021 08:20:00,EST,Hydro,3717.0
12/19/2021 08:25:00,EST,Dual Fuel,3392.0
12/19/2021 08:25:00,EST,Natural Gas,2544.0
12/19/2021 08:25:00,EST,Nuclear,3341.0
12/19/2021 08:25:00,EST,Other Fossil Fuels,3.0
12/19/2021 08:25:00,EST,Other Renewables,269.0
12/19/2021 08:25:00,EST,Wind,170.0
12/19/2021 08:25:00,EST,Hydro,3713.0
12/19/2021 08:30:00,EST,Dual Fuel,3429.0
12/19/2021 08:30:00,EST,Natural Gas,2548.0
12/19/2021 08:30:00,EST,Nuclear,3341.0
12/19/2021 08:30:00,EST,Other Fossil Fuels,3.0
12/19/2021 08:30:00,EST,Other Renewables,265.0
12/19/2021 08:30:00,EST,Wind,170.0
12/19/2021 08:30:00,EST,Hydro,3752.0
12/19/2021 08:35:00,EST,Dual Fuel,3484.0
12/19/2021 08:35:00,EST,Natural Gas,2570.0
12/19/2021 08:35:00,EST,Nuclear,3340.0
12/19/2021 08:35:00,EST,Other Fossil Fuels,3.0
12/19/2021 08:35:00,EST,Other Renewables,264.0
12/19/2021 08:35:00,EST,Wind,173.0
12/19/2021 08:35:00,EST,Hydro,3779.0
12/19/2021 08:40:00,EST,Dual Fuel,3544.0
12/19/2021 08:40:00,EST,Natural Gas,2585.0
12/19/2021 08:40:00,EST,Nuclear,3340.0
12/19/2021 08:40:00,EST,Other Fossil Fuels,3.0
12/19/2021 08:40:00,EST,Other Renewables,264.0
12/19/2021 08:40:00,EST,Wind,174.0
12/19/2021 08:40:00,EST,Hydro,3843.0
12/19/2021 08:45:00,EST,Dual Fuel,3574.0
12/19/2021 08:45:00,EST,Natural Gas,2588.0
12/19/2021 08:45:00,EST,Nuclear,3341.0
12/19/2021 08:45:00,EST,Other Fossil Fuels,3.0
12/19/2021 08:45:00,EST,Other Renewables,259.0
12/19/2021 08:45:00,EST,Wind,178.0
12/19/2021 08:45:00,EST,Hydro,3865.0
12/19/2021 08:50:00,EST,Dual Fuel,3599.0
12/19/2021 08:50:00,EST,Natural Gas,2597.0
12/19/2021 08:50:00,EST,Nuclear,3342.0
12/19/2021 08:50:00,EST,Other Fossil Fuels,3.0
12/19/2021 08:50:00,EST,Other Renewables,262.0
12/19/2021 08:50:00,EST,Wind,174.0
12/19/2021 08:50:00,EST,Hydro,3902.0
12/19/2021 08:55:00,EST,Dual Fuel,3633.0
12/19/2021 08:55:00,EST,Natural Gas,2601.0
12/19/2021 08:55:00,EST,Nuclear,3341.0
12/19/2021 08:55:00,EST,Other Fossil Fuels,3.0
12/19/2021 08:55:00,EST,Other Renewables,266.0
12/19/2021 08:55:00,EST,Wind,168.0
12/19/2021 08:55:00,EST,Hydro,3930.0
12/19/2021 09:00:00,EST,Dual Fuel,3638.0
12/19/2021 09:00:00,EST,Natural Gas,2618.0
12/19/2021 09:00:00,EST,Nuclear,3341.0
12/19/2021 09:00:00,EST,Other Fossil Fuels,3.0
12/19/2021 09:00:00,EST,Other Renewables,271.0
12/19/2021 09:00:00,EST,Wind,170.0
12/19/2021 09:00:00,EST,Hydro,3909.0
12/19/2021 09:05:00,EST,Dual Fuel,3620.0
12/19/2021 09:05:00,EST,Natural Gas,2638.0
12/19/2021 09:05:00,EST,Nuclear,3341.0
12/19/2021 09:05:00,EST,Other Fossil Fuels,3.0
12/19/2021 09:05:00,EST,Other Renewables,267.0
12/19/2021 09:05:00,EST,Wind,170.0
12/19/2021 09:05:00,EST,Hydro,3873.0
12/19/2021 09:10:00,EST,Dual Fuel,3606.0
12/19/2021 09:10:00,EST,Natural Gas,2643.0
12/19/2021 09:10:00,EST,Nuclear,3340.0
12/19/2021 09:10:00,EST,Other Fossil Fuels,3.0
12/19/2021 09:10:00,EST,Other Renewables,270.0
12/19/2021 09:10:00,EST,Wind,170.0
12/19/2021 09:10:00,EST,Hydro,3857.0
12/19/2021 09:15:00,EST,Dual Fuel,3630.0
12/19/2021 09:15:00,EST,Natural Gas,2649.0
12/19/2021 09:15:00,EST,Nuclear,3341.0
12/19/2021 09:15:00,EST,Other Fossil Fuels,3.0
12/19/2021 09:15:00,EST,Other Renewables,271.0
12/19/2021 09:15:00,EST,Wind,170.0
12/19/2021 09:15:00,EST,Hydro,3883.0
12/19/2021 09:20:00,EST,Dual Fuel,3682.0
12/19/2021 09:20:00,EST,Natural Gas,2660.0
12/19/2021 09:20:00,EST,Nuclear,3341.0
12/19/2021 09:20:00,EST,Other Fossil Fuels,3.0
12/19/2021 09:20:00,EST,Other Renewables,269.0
12/19/2021 09:20:00,EST,Wind,173.0
12/19/2021 09:20:00,EST,Hydro,3880.0
12/19/2021 09:25:00,EST,Dual Fuel,3720.0
12/19/2021 09:25:00,EST,Natural Gas,2671.0
12/19/2021 09:25:00,EST,Nuclear,3341.0
12/19/2021 09:25:00,EST,Other Fossil Fuels,3.0
12/19/2021 09:25:00,EST,Other Renewables,269.0
12/19/2021 09:25:00,EST,Wind,173.0
12/19/2021 09:25:00,EST,Hydro,3839.0
12/19/2021 09:30:00,EST,Dual Fuel,3748.0
12/19/2021 09:30:00,EST,Natural Gas,2672.0
12/19/2021 09:30:00,EST,Nuclear,3341.0
12/19/2021 09:30:00,EST,Other Fossil Fuels,3.0
12/19/2021 09:30:00,EST,Other Renewables,272.0
12/19/2021 09:30:00,EST,Wind,177.0
12/19/2021 09:30:00,EST,Hydro,3814.0
12/19/2021 09:35:00,EST,Dual Fuel,3744.0
12/19/2021 09:35:00,EST,Natural Gas,2653.0
12/19/2021 09:35:00,EST,Nuclear,3341.0
12/19/2021 09:35:00,EST,Other Fossil Fuels,3.0
12/19/2021 09:35:00,EST,Other Renewables,272.0
12/19/2021 09:35:00,EST,Wind,187.0
12/19/2021 09:35:00,EST,Hydro,3827.0
12/19/2021 09:40:00,EST,Dual Fuel,3735.0
12/19/2021 09:40:00,EST,Natural Gas,2647.0
12/19/2021 09:40:00,EST,Nuclear,3341.0
12/19/2021 09:40:00,EST,Other Fossil Fuels,3.0
12/19/2021 09:40:00,EST,Other Renewables,268.0
12/19/2021 09:40:00,EST,Wind,190.0
12/19/2021 09:40:00,EST,Hydro,3881.0
12/19/2021 09:45:00,EST,Dual Fuel,3724.0
12/19/2021 09:45:00,EST,Natural Gas,2676.0
12/19/2021 09:45:00,EST,Nuclear,3340.0
12/19/2021 09:45:00,EST,Other Fossil Fuels,3.0
12/19/2021 09:45:00,EST,Other Renewables,268.0
12/19/2021 09:45:00,EST,Wind,193.0
12/19/2021 09:45:00,EST,Hydro,3877.0
12/19/2021 09:50:00,EST,Dual Fuel,3728.0
12/19/2021 09:50:00,EST,Natural Gas,2683.0
12/19/2021 09:50:00,EST,Nuclear,3341.0
12/19/2021 09:50:00,EST,Other Fossil Fuels,3.0
12/19/2021 09:50:00,EST,Other Renewables,267.0
12/19/2021 09:50:00,EST,Wind,192.0
12/19/2021 09:50:00,EST,Hydro,3850.0
12/19/2021 09:55:00,EST,Dual Fuel,3732.0
12/19/2021 09:55:00,EST,Natural Gas,2685.0
12/19/2021 09:55:00,EST,Nuclear,3341.0
12/19/2021 09:55:00,EST,Other Fossil Fuels,3.0
12/19/2021 09:55:00,EST,Other Renewables,265.0
12/19/2021 09:55:00,EST,Wind,194.0
12/19/2021 09:55:00,EST,Hydro,3890.0
12/19/2021 10:00:00,EST,Dual Fuel,3745.0
12/19/2021 10:00:00,EST,Natural Gas,2689.0
12/19/2021 10:00:00,EST,Nuclear,3341.0
12/19/2021 10:00:00,EST,Other Fossil Fuels,3.0
12/19/2021 10:00:00,EST,Other Renewables,270.0
12/19/2021 10:00:00,EST,Wind,193.0
12/19/2021 10:00:00,EST,Hydro,3869.0
12/19/2021 10:05:00,EST,Dual Fuel,3773.0
12/19/2021 10:05:00,EST,Natural Gas,2709.0
12/19/2021 10:05:00,EST,Nuclear,3341.0
12/19/2021 10:05:00,EST,Other Fossil Fuels,3.0
12/19/2021 10:05:00,EST,Other Renewables,271.0
12/19/2021 10:05:00,EST,Wind,200.0
12/19/2021 10:05:00,EST,Hydro,3839.0
12/19/2021 10:10:00,EST,Dual Fuel,3778.0
12/19/2021 10:10:00,EST,Natural Gas,2738.0
12/19/2021 10:10:00,EST,Nuclear,3342.0
12/19/2021 10:10:00,EST,Other Fossil Fuels,3.0
12/19/2021 10:10:00,EST,Other Renewables,270.0
12/19/2021 10:10:00,EST,Wind,199.0
12/19/2021 10:10:00,EST,Hydro,3789.0
12/19/2021 10:15:00,EST,Dual Fuel,3754.0
12/19/2021 10:15:00,EST,Natural Gas,2725.0
12/19/2021 10:15:00,EST,Nuclear,3341.0
12/19/2021 10:15:00,EST,Other Fossil Fuels,3.0
12/19/2021 10:15:00,EST,Other Renewables,272.0
12/19/2021 10:15:00,EST,Wind,207.0
12/19/2021 10:15:00,EST,Hydro,3851.0
12/19/2021 10:20:00,EST,Dual Fuel,3764.0
12/19/2021 10:20:00,EST,Natural Gas,2709.0
12/19/2021 10:20:00,EST,Nuclear,3341.0
12/19/2021 10:20:00,EST,Other Fossil Fuels,3.0
12/19/2021 10:20:00,EST,Other Renewables,272.0
12/19/2021 10:20:00,EST,Wind,216.0
12/19/2021 10:20:00,EST,Hydro,3838.0
12/19/2021 10:25:00,EST,Dual Fuel,3749.0
12/19/2021 10:25:00,EST,Natural Gas,2690.0
12/19/2021 10:25:00,EST,Nuclear,3341.0
12/19/2021 10:25:00,EST,Other Fossil Fuels,3.0
12/19/2021 10:25:00,EST,Other Renewables,272.0
12/19/2021 10:25:00,EST,Wind,215.0
12/19/2021 10:25:00,EST,Hydro,3845.0
12/19/2021 10:30:00,EST,Dual Fuel,3779.0
12/19/2021 10:30:00,EST,Natural Gas,2716.0
12/19/2021 10:30:00,EST,Nuclear,3341.0
12/19/2021 10:30:00,EST,Other Fossil Fuels,3.0
12/19/2021 10:30:00,EST,Other Renewables,274.0
12/19/2021 10:30:00,EST,Wind,210.0
12/19/2021 10:30:00,EST,Hydro,3790.0
12/19/2021 10:35:00,EST,Dual Fuel,3800.0
12/19/2021 10:35:00,EST,Natural Gas,2731.0
12/19/2021 10:35:00,EST,Nuclear,3341.0
12/19/2021 10:35:00,EST,Other Fossil Fuels,3.0
12/19/2021 10:35:00,EST,Other Renewables,273.0
12/19/2021 10:35:00,EST,Wind,202.0
12/19/2021 10:35:00,EST,Hydro,3805.0
12/19/2021 10:40:00,EST,Dual Fuel,3822.0
12/19/2021 10:40:00,EST,Natural Gas,2745.0
12/19/2021 10:40:00,EST,Nuclear,3339.0
12/19/2021 10:40:00,EST,Other Fossil Fuels,3.0
12/19/2021 10:40:00,EST,Other Renewables,273.0
12/19/2021 10:40:00,EST,Wind,205.0
12/19/2021 10:40:00,EST,Hydro,3775.0
12/19/2021 10:45:00,EST,Dual Fuel,3822.0
12/19/2021 10:45:00,EST,Natural Gas,2751.0
12/19/2021 10:45:00,EST,Nuclear,3340.0
12/19/2021 10:45:00,EST,Other Fossil Fuels,3.0
12/19/2021 10:45:00,EST,Other Renewables,274.0
12/19/2021 10:45:00,EST,Wind,205.0
12/19/2021 10:45:00,EST,Hydro,3728.0
12/19/2021 10:50:00,EST,Dual Fuel,3818.0
12/19/2021 10:50:00,EST,Natural Gas,2744.0
12/19/2021 10:50:00,EST,Nuclear,3339.0
12/19/2021 10:50:00,EST,Other Fossil Fuels,3.0
12/19/2021 10:50:00,EST,Other Renewables,282.0
12/19/2021 10:50:00,EST,Wind,208.0
12/19/2021 10:50:00,EST,Hydro,3678.0
12/19/2021 10:55:00,EST,Dual Fuel,3806.0
12/19/2021 10:55:00,EST,Natural Gas,2732.0
12/19/2021 10:55:00,EST,Nuclear,3339.0
12/19/2021 10:55:00,EST,Other Fossil Fuels,3.0
12/19/2021 10:55:00,EST,Other Renewables,277.0
12/19/2021 10:55:00,EST,Wind,205.0
12/19/2021 10:55:00,EST,Hydro,3685.0
12/19/2021 11:00:00,EST,Dual Fuel,3797.0
12/19/2021 11:00:00,EST,Natural Gas,2765.0
12/19/2021 11:00:00,EST,Nuclear,3340.0
12/19/2021 11:00:00,EST,Other Fossil Fuels,3.0
12/19/2021 11:00:00,EST,Other Renewables,276.0
12/19/2021 11:00:00,EST,Wind,212.0
12/19/2021 11:00:00,EST,Hydro,3690.0
12/19/2021 11:05:00,EST,Dual Fuel,3769.0
12/19/2021 11:05:00,EST,Natural Gas,2762.0
12/19/2021 11:05:00,EST,Nuclear,3339.0
12/19/2021 11:05:00,EST,Other Fossil Fuels,3.0
12/19/2021 11:05:00,EST,Other Renewables,278.0
12/19/2021 11:05:00,EST,Wind,209.0
12/19/2021 11:05:00,EST,Hydro,3607.0
12/19/2021 11:10:00,EST,Dual Fuel,3761.0
12/19/2021 11:10:00,EST,Natural Gas,2710.0
12/19/2021 11:10:00,EST,Nuclear,3339.0
12/19/2021 11:10:00,EST,Other Fossil Fuels,3.0
12/19/2021 11:10:00,EST,Other Renewables,284.0
12/19/2021 11:10:00,EST,Wind,214.0
12/19/2021 11:10:00,EST,Hydro,3570.0
12/19/2021 11:15:00,EST,Dual Fuel,3749.0
12/19/2021 11:15:00,EST,Natural Gas,2691.0
12/19/2021 11:15:00,EST,Nuclear,3340.0
12/19/2021 11:15:00,EST,Other Fossil Fuels,3.0
12/19/2021 11:15:00,EST,Other Renewables,287.0
12/19/2021 11:15:00,EST,Wind,220.0
12/19/2021 11:15:00,EST,Hydro,3602.0
12/19/2021 11:20:00,EST,Dual Fuel,3721.0
12/19/2021 11:20:00,EST,Natural Gas,2721.0
12/19/2021 11:20:00,EST,Nuclear,3340.0
12/19/2021 11:20:00,EST,Other Fossil Fuels,3.0
12/19/2021 11:20:00,EST,Other Renewables,289.0
12/19/2021 11:20:00,EST,Wind,215.0
12/19/2021 11:20:00,EST,Hydro,3605.0
12/19/2021 11:25:00,EST,Dual Fuel,3726.0
12/19/2021 11:25:00,EST,Natural Gas,2732.0
12/19/2021 11:25:00,EST,Nuclear,3342.0
12/19/2021 11:25:00,EST,Other Fossil Fuels,3.0
12/19/2021 11:25:00,EST,Other Renewables,277.0
12/19/2021 11:25:00,EST,Wind,214.0
12/19/2021 11:25:00,EST,Hydro,3603.0
12/19/2021 11:30:00,EST,Dual Fuel,3726.0
12/19/2021 11:30:00,EST,Natural Gas,2780.0
12/19/2021 11:30:00,EST,Nuclear,3340.0
12/19/2021 11:30:00,EST,Other Fossil Fuels,3.0
12/19/2021 11:30:00,EST,Other Renewables,279.0
12/19/2021 11:30:00,EST,Wind,207.0
12/19/2021 11:30:00,EST,Hydro,3616.0
12/19/2021 11:35:00,EST,Dual Fuel,3747.0
12/19/2021 11:35:00,EST,Natural Gas,2791.0
12/19/2021 11:35:00,EST,Nuclear,3339.0
12/19/2021 11:35:00,EST,Other Fossil Fuels,3.0
12/19/2021 11:35:00,EST,Other Renewables,277.0
12/19/2021 11:35:00,EST,Wind,203.0
12/19/2021 11:35:00,EST,Hydro,3680.0
12/19/2021 11:40:00,EST,Dual Fuel,3812.0
12/19/2021 11:40:00,EST,Natural Gas,2773.0
12/19/2021 11:40:00,EST,Nuclear,3339.0
12/19/2021 11:40:00,EST,Other Fossil Fuels,3.0
12/19/2021 11:40:00,EST,Other Renewables,275.0
12/19/2021 11:40:00,EST,Wind,206.0
12/19/2021 11:40:00,EST,Hydro,3711.0
12/19/2021 11:45:00,EST,Dual Fuel,3866.0
12/19/2021 11:45:00,EST,Natural Gas,2763.0
12/19/2021 11:45:00,EST,Nuclear,3340.0
12/19/2021 11:45:00,EST,Other Fossil Fuels,3.0
12/19/2021 11:45:00,EST,Other Renewables,274.0
12/19/2021 11:45:00,EST,Wind,206.0
12/19/2021 11:45:00,EST,Hydro,3717.0
12/19/2021 11:50:00,EST,Dual Fuel,3948.0
12/19/2021 11:50:00,EST,Natural Gas,2757.0
12/19/2021 11:50:00,EST,Nuclear,3340.0
12/19/2021 11:50:00,EST,Other Fossil Fuels,3.0
12/19/2021 11:50:00,EST,Other Renewables,271.0
12/19/2021 11:50:00,EST,Wind,201.0
12/19/2021 11:50:00,EST,Hydro,3640.0
12/19/2021 11:55:00,EST,Dual Fuel,3994.0
12/19/2021 11:55:00,EST,Natural Gas,2713.0
12/19/2021 11:55:00,EST,Nuclear,3340.0
12/19/2021 11:55:00,EST,Other Fossil Fuels,3.0
12/19/2021 11:55:00,EST,Other Renewables,268.0
12/19/2021 11:55:00,EST,Wind,194.0
12/19/2021 11:55:00,EST,Hydro,3593.0
12/19/2021 12:00:00,EST,Dual Fuel,4026.0
12/19/2021 12:00:00,EST,Natural Gas,2727.0
12/19/2021 12:00:00,EST,Nuclear,3339.0
12/19/2021 12:00:00,EST,Other Fossil Fuels,3.0
12/19/2021 12:00:00,EST,Other Renewables,271.0
12/19/2021 12:00:00,EST,Wind,194.0
12/19/2021 12:00:00,EST,Hydro,3601.0
12/19/2021 12:05:00,EST,Dual Fuel,3915.0
12/19/2021 12:05:00,EST,Natural Gas,2714.0
12/19/2021 12:05:00,EST,Nuclear,3339.0
12/19/2021 12:05:00,EST,Other Fossil Fuels,3.0
12/19/2021 12:05:00,EST,Other Renewables,273.0
12/19/2021 12:05:00,EST,Wind,199.0
12/19/2021 12:05:00,EST,Hydro,3491.0
12/19/2021 12:10:00,EST,Dual Fuel,3801.0
12/19/2021 12:10:00,EST,Natural Gas,2738.0
12/19/2021 12:10:00,EST,Nuclear,3338.0
12/19/2021 12:10:00,EST,Other Fossil Fuels,3.0
12/19/2021 12:10:00,EST,Other Renewables,276.0
12/19/2021 12:10:00,EST,Wind,199.0
12/19/2021 12:10:00,EST,Hydro,3410.0
12/19/2021 12:15:00,EST,Dual Fuel,3697.0
12/19/2021 12:15:00,EST,Natural Gas,2726.0
12/19/2021 12:15:00,EST,Nuclear,3340.0
12/19/2021 12:15:00,EST,Other Fossil Fuels,3.0
12/19/2021 12:15:00,EST,Other Renewables,272.0
12/19/2021 12:15:00,EST,Wind,196.0
12/19/2021 12:15:00,EST,Hydro,3454.0
12/19/2021 12:20:00,EST,Dual Fuel,3713.0
12/19/2021 12:20:00,EST,Natural Gas,2690.0
12/19/2021 12:20:00,EST,Nuclear,3340.0
12/19/2021 12:20:00,EST,Other Fossil Fuels,3.0
12/19/2021 12:20:00,EST,Other Renewables,273.0
12/19/2021 12:20:00,EST,Wind,210.0
12/19/2021 12:20:00,EST,Hydro,3460.0
12/19/2021 12:25:00,EST,Dual Fuel,3695.0
12/19/2021 12:25:00,EST,Natural Gas,2700.0
12/19/2021 12:25:00,EST,Nuclear,3342.0
12/19/2021 12:25:00,EST,Other Fossil Fuels,3.0
12/19/2021 12:25:00,EST,Other Renewables,270.0
12/19/2021 12:25:00,EST,Wind,215.0
12/19/2021 12:25:00,EST,Hydro,3486.0
12/19/2021 12:30:00,EST,Dual Fuel,3717.0
12/19/2021 12:30:00,EST,Natural Gas,2704.0
12/19/2021 12:30:00,EST,Nuclear,3341.0
12/19/2021 12:30:00,EST,Other Fossil Fuels,3.0
12/19/2021 12:30:00,EST,Other Renewables,275.0
12/19/2021 12:30:00,EST,Wind,215.0
12/19/2021 12:30:00,EST,Hydro,3503.0
12/19/2021 12:35:00,EST,Dual Fuel,3758.0
12/19/2021 12:35:00,EST,Natural Gas,2738.0
12/19/2021 12:35:00,EST,Nuclear,3341.0
12/19/2021 12:35:00,EST,Other Fossil Fuels,3.0
12/19/2021 12:35:00,EST,Other Renewables,275.0
12/19/2021 12:35:00,EST,Wind,219.0
12/19/2021 12:35:00,EST,Hydro,3446.0
12/19/2021 12:40:00,EST,Dual Fuel,3744.0
12/19/2021 12:40:00,EST,Natural Gas,2791.0
12/19/2021 12:40:00,EST,Nuclear,3341.0
12/19/2021 12:40:00,EST,Other Fossil Fuels,3.0
12/19/2021 12:40:00,EST,Other Renewables,276.0
12/19/2021 12:40:00,EST,Wind,215.0
12/19/2021 12:40:00,EST,Hydro,3467.0
12/19/2021 12:45:00,EST,Dual Fuel,3747.0
12/19/2021 12:45:00,EST,Natural Gas,2782.0
12/19/2021 12:45:00,EST,Nuclear,3340.0
12/19/2021 12:45:00,EST,Other Fossil Fuels,3.0
12/19/2021 12:45:00,EST,Other Renewables,272.0
12/19/2021 12:45:00,EST,Wind,218.0
12/19/2021 12:45:00,EST,Hydro,3493.0
12/19/2021 12:50:00,EST,Dual Fuel,3745.0
12/19/2021 12:50:00,EST,Natural Gas,2757.0
12/19/2021 12:50:00,EST,Nuclear,3340.0
12/19/2021 12:50:00,EST,Other Fossil Fuels,3.0
12/19/2021 12:50:00,EST,Other Renewables,271.0
12/19/2021 12:50:00,EST,Wind,212.0
12/19/2021 12:50:00,EST,Hydro,3516.0
12/19/2021 12:55:00,EST,Dual Fuel,3712.0
12/19/2021 12:55:00,EST,Natural Gas,2745.0
12/19/2021 12:55:00,EST,Nuclear,3340.0
12/19/2021 12:55:00,EST,Other Fossil Fuels,3.0
12/19/2021 12:55:00,EST,Other Renewables,268.0
12/19/2021 12:55:00,EST,Wind,207.0
12/19/2021 12:55:00,EST,Hydro,3516.0
12/19/2021 13:00:00,EST,Dual Fuel,3648.0
12/19/2021 13:00:00,EST,Natural Gas,2786.0
12/19/2021 13:00:00,EST,Nuclear,3341.0
12/19/2021 13:00:00,EST,Other Fossil Fuels,3.0
12/19/2021 13:00:00,EST,Other Renewables,268.0
12/19/2021 13:00:00,EST,Wind,211.0
12/19/2021 13:00:00,EST,Hydro,3539.0
12/19/2021 13:05:00,EST,Dual Fuel,3664.0
12/19/2021 13:05:00,EST,Natural Gas,2753.0
12/19/2021 13:05:00,EST,Nuclear,3340.0
12/19/2021 13:05:00,EST,Other Fossil Fuels,3.0
12/19/2021 13:05:00,EST,Other Renewables,276.0
12/19/2021 13:05:00,EST,Wind,211.0
12/19/2021 13:05:00,EST,Hydro,3553.0
12/19/2021 13:10:00,EST,Dual Fuel,3654.0
12/19/2021 13:10:00,EST,Natural Gas,2725.0
12/19/2021 13:10:00,EST,Nuclear,3340.0
12/19/2021 13:10:00,EST,Other Fossil Fuels,3.0
12/19/2021 13:10:00,EST,Other Renewables,278.0
12/19/2021 13:10:00,EST,Wind,211.0
12/19/2021 13:10:00,EST,Hydro,3475.0
12/19/2021 13:15:00,EST,Dual Fuel,3611.0
12/19/2021 13:15:00,EST,Natural Gas,2746.0
12/19/2021 13:15:00,EST,Nuclear,3340.0
12/19/2021 13:15:00,EST,Other Fossil Fuels,3.0
12/19/2021 13:15:00,EST,Other Renewables,277.0
12/19/2021 13:15:00,EST,Wind,201.0
12/19/2021 13:15:00,EST,Hydro,3482.0
12/19/2021 13:20:00,EST,Dual Fuel,3547.0
12/19/2021 13:20:00,EST,Natural Gas,2786.0
12/19/2021 13:20:00,EST,Nuclear,3340.0
12/19/2021 13:20:00,EST,Other Fossil Fuels,3.0
12/19/2021 13:20:00,EST,Other Renewables,269.0
12/19/2021 13:20:00,EST,Wind,199.0
12/19/2021 13:20:00,EST,Hydro,3538.0
12/19/2021 13:25:00,EST,Dual Fuel,3561.0
12/19/2021 13:25:00,EST,Natural Gas,2789.0
12/19/2021 13:25:00,EST,Nuclear,3340.0
12/19/2021 13:25:00,EST,Other Fossil Fuels,3.0
12/19/2021 13:25:00,EST,Other Renewables,275.0
12/19/2021 13:25:00,EST,Wind,202.0
12/19/2021 13:25:00,EST,Hydro,3491.0
12/19/2021 13:30:00,EST,Dual Fuel,3562.0
12/19/2021 13:30:00,EST,Natural Gas,2774.0
12/19/2021 13:30:00,EST,Nuclear,3341.0
12/19/2021 13:30:00,EST,Other Fossil Fuels,3.0
12/19/2021 13:30:00,EST,Other Renewables,276.0
12/19/2021 13:30:00,EST,Wind,209.0
12/19/2021 13:30:00,EST,Hydro,3472.0
12/19/2021 13:35:00,EST,Dual Fuel,3615.0
12/19/2021 13:35:00,EST,Natural Gas,2704.0
12/19/2021 13:35:00,EST,Nuclear,3340.0
12/19/2021 13:35:00,EST,Other Fossil Fuels,3.0
12/19/2021 13:35:00,EST,Other Renewables,272.0
12/19/2021 13:35:00,EST,Wind,213.0
12/19/2021 13:35:00,EST,Hydro,3456.0
12/19/2021 13:40:00,EST,Dual Fuel,3628.0
12/19/2021 13:40:00,EST,Natural Gas,2697.0
12/19/2021 13:40:00,EST,Nuclear,3340.0
12/19/2021 13:40:00,EST,Other Fossil Fuels,3.0
12/19/2021 13:40:00,EST,Other Renewables,269.0
12/19/2021 13:40:00,EST,Wind,213.0
12/19/2021 13:40:00,EST,Hydro,3473.0
12/19/2021 13:45:00,EST,Dual Fuel,3640.0
12/19/2021 13:45:00,EST,Natural Gas,2682.0
12/19/2021 13:45:00,EST,Nuclear,3339.0
12/19/2021 13:45:00,EST,Other Fossil Fuels,3.0
12/19/2021 13:45:00,EST,Other Renewables,271.0
12/19/2021 13:45:00,EST,Wind,216.0
12/19/2021 13:45:00,EST,Hydro,3477.0
12/19/2021 13:50:00,EST,Dual Fuel,3679.0
12/19/2021 13:50:00,EST,Natural Gas,2660.0
12/19/2021 13:50:00,EST,Nuclear,3339.0
12/19/2021 13:50:00,EST,Other Fossil Fuels,3.0
12/19/2021 13:50:00,EST,Other Renewables,271.0
12/19/2021 13:50:00,EST,Wind,214.0
12/19/2021 13:50:00,EST,Hydro,3496.0
12/19/2021 13:55:00,EST,Dual Fuel,3687.0
12/19/2021 13:55:00,EST,Natural Gas,2645.0
12/19/2021 13:55:00,EST,Nuclear,3342.0
12/19/2021 13:55:00,EST,Other Fossil Fuels,3.0
12/19/2021 13:55:00,EST,Other Renewables,270.0
12/19/2021 13:55:00,EST,Wind,219.0
12/19/2021 13:55:00,EST,Hydro,3469.0
12/19/2021 14:00:00,EST,Dual Fuel,3721.0
12/19/2021 14:00:00,EST,Natural Gas,2666.0
12/19/2021 14:00:00,EST,Nuclear,3340.0
12/19/2021 14:00:00,EST,Other Fossil Fuels,3.0
12/19/2021 14:00:00,EST,Other Renewables,270.0
12/19/2021 14:00:00,EST,Wind,220.0
12/19/2021 14:00:00,EST,Hydro,3496.0
12/19/2021 14:05:00,EST,Dual Fuel,3768.0
12/19/2021 14:05:00,EST,Natural Gas,2689.0
12/19/2021 14:05:00,EST,Nuclear,3341.0
12/19/2021 14:05:00,EST,Other Fossil Fuels,3.0
12/19/2021 14:05:00,EST,Other Renewables,269.0
12/19/2021 14:05:00,EST,Wind,215.0
12/19/2021 14:05:00,EST,Hydro,3530.0
12/19/2021 14:10:00,EST,Dual Fuel,3813.0
12/19/2021 14:10:00,EST,Natural Gas,2695.0
12/19/2021 14:10:00,EST,Nuclear,3340.0
12/19/2021 14:10:00,EST,Other Fossil Fuels,3.0
12/19/2021 14:10:00,EST,Other Renewables,270.0
12/19/2021 14:10:00,EST,Wind,214.0
12/19/2021 14:10:00,EST,Hydro,3668.0
12/19/2021 14:15:00,EST,Dual Fuel,3824.0
12/19/2021 14:15:00,EST,Natural Gas,2726.0
12/19/2021 14:15:00,EST,Nuclear,3341.0
12/19/2021 14:15:00,EST,Other Fossil Fuels,3.0
12/19/2021 14:15:00,EST,Other Renewables,272.0
12/19/2021 14:15:00,EST,Wind,211.0
12/19/2021 14:15:00,EST,Hydro,3674.0
12/19/2021 14:20:00,EST,Dual Fuel,3803.0
12/19/2021 14:20:00,EST,Natural Gas,2771.0
12/19/2021 14:20:00,EST,Nuclear,3339.0
12/19/2021 14:20:00,EST,Other Fossil Fuels,3.0
12/19/2021 14:20:00,EST,Other Renewables,267.0
12/19/2021 14:20:00,EST,Wind,206.0
12/19/2021 14:20:00,EST,Hydro,3660.0
12/19/2021 14:25:00,EST,Dual Fuel,3837.0
12/19/2021 14:25:00,EST,Natural Gas,2779.0
12/19/2021 14:25:00,EST,Nuclear,3339.0
12/19/2021 14:25:00,EST,Other Fossil Fuels,3.0
12/19/2021 14:25:00,EST,Other Renewables,272.0
12/19/2021 14:25:00,EST,Wind,197.0
12/19/2021 14:25:00,EST,Hydro,3669.0
12/19/2021 14:30:00,EST,Dual Fuel,3832.0
12/19/2021 14:30:00,EST,Natural Gas,2795.0
12/19/2021 14:30:00,EST,Nuclear,3340.0
12/19/2021 14:30:00,EST,Other Fossil Fuels,3.0
12/19/2021 14:30:00,EST,Other Renewables,271.0
12/19/2021 14:30:00,EST,Wind,199.0
12/19/2021 14:30:00,EST,Hydro,3675.0
12/19/2021 14:35:00,EST,Dual Fuel,3866.0
12/19/2021 14:35:00,EST,Natural Gas,2806.0
12/19/2021 14:35:00,EST,Nuclear,3341.0
12/19/2021 14:35:00,EST,Other Fossil Fuels,3.0
12/19/2021 14:35:00,EST,Other Renewables,266.0
12/19/2021 14:35:00,EST,Wind,209.0
12/19/2021 14:35:00,EST,Hydro,3625.0
12/19/2021 14:40:00,EST,Dual Fuel,3907.0
12/19/2021 14:40:00,EST,Natural Gas,2820.0
12/19/2021 14:40:00,EST,Nuclear,3340.0
12/19/2021 14:40:00,EST,Other Fossil Fuels,3.0
12/19/2021 14:40:00,EST,Other Renewables,263.0
12/19/2021 14:40:00,EST,Wind,214.0
12/19/2021 14:40:00,EST,Hydro,3562.0
12/19/2021 14:45:00,EST,Dual Fuel,3881.0
12/19/2021 14:45:00,EST,Natural Gas,2885.0
12/19/2021 14:45:00,EST,Nuclear,3339.0
12/19/2021 14:45:00,EST,Other Fossil Fuels,3.0
12/19/2021 14:45:00,EST,Other Renewables,263.0
12/19/2021 14:45:00,EST,Wind,219.0
12/19/2021 14:45:00,EST,Hydro,3584.0
12/19/2021 14:50:00,EST,Dual Fuel,3891.0
12/19/2021 14:50:00,EST,Natural Gas,2886.0
12/19/2021 14:50:00,EST,Nuclear,3340.0
12/19/2021 14:50:00,EST,Other Fossil Fuels,3.0
12/19/2021 14:50:00,EST,Other Renewables,267.0
12/19/2021 14:50:00,EST,Wind,218.0
12/19/2021 14:50:00,EST,Hydro,3593.0
12/19/2021 14:55:00,EST,Dual Fuel,3923.0
12/19/2021 14:55:00,EST,Natural Gas,2869.0
12/19/2021 14:55:00,EST,Nuclear,3339.0
12/19/2021 14:55:00,EST,Other Fossil Fuels,3.0
12/19/2021 14:55:00,EST,Other Renewables,266.0
12/19/2021 14:55:00,EST,Wind,217.0
12/19/2021 14:55:00,EST,Hydro,3632.0
12/19/2021 15:00:00,EST,Dual Fuel,3936.0
12/19/2021 15:00:00,EST,Natural Gas,2958.0
12/19/2021 15:00:00,EST,Nuclear,3340.0
12/19/2021 15:00:00,EST,Other Fossil Fuels,3.0
12/19/2021 15:00:00,EST,Other Renewables,266.0
12/19/2021 15:00:00,EST,Wind,226.0
12/19/2021 15:00:00,EST,Hydro,3574.0
12/19/2021 15:05:00,EST,Dual Fuel,3878.0
12/19/2021 15:05:00,EST,Natural Gas,3015.0
12/19/2021 15:05:00,EST,Nuclear,3339.0
12/19/2021 15:05:00,EST,Other Fossil Fuels,3.0
12/19/2021 15:05:00,EST,Other Renewables,263.0
12/19/2021 15:05:00,EST,Wind,240.0
12/19/2021 15:05:00,EST,Hydro,3634.0
12/19/2021 15:10:00,EST,Dual Fuel,3821.0
12/19/2021 15:10:00,EST,Natural Gas,3039.0
12/19/2021 15:10:00,EST,Nuclear,3338.0
12/19/2021 15:10:00,EST,Other Fossil Fuels,3.0
12/19/2021 15:10:00,EST,Other Renewables,261.0
12/19/2021 15:10:00,EST,Wind,243.0
12/19/2021 15:10:00,EST,Hydro,3718.0
12/19/2021 15:15:00,EST,Dual Fuel,3822.0
12/19/2021 15:15:00,EST,Natural Gas,3066.0
12/19/2021 15:15:00,EST,Nuclear,3340.0
12/19/2021 15:15:00,EST,Other Fossil Fuels,3.0
12/19/2021 15:15:00,EST,Other Renewables,259.0
12/19/2021 15:15:00,EST,Wind,242.0
12/19/2021 15:15:00,EST,Hydro,3654.0
12/19/2021 15:20:00,EST,Dual Fuel,3876.0
12/19/2021 15:20:00,EST,Natural Gas,3026.0
12/19/2021 15:20:00,EST,Nuclear,3340.0
12/19/2021 15:20:00,EST,Other Fossil Fuels,3.0
12/19/2021 15:20:00,EST,Other Renewables,260.0
12/19/2021 15:20:00,EST,Wind,238.0
12/19/2021 15:20:00,EST,Hydro,3691.0
12/19/2021 15:25:00,EST,Dual Fuel,3949.0
12/19/2021 15:25:00,EST,Natural Gas,2973.0
12/19/2021 15:25:00,EST,Nuclear,3339.0
12/19/2021 15:25:00,EST,Other Fossil Fuels,3.0
12/19/2021 15:25:00,EST,Other Renewables,262.0
12/19/2021 15:25:00,EST,Wind,233.0
12/19/2021 15:25:00,EST,Hydro,3674.0
12/19/2021 15:30:00,EST,Dual Fuel,3965.0
12/19/2021 15:30:00,EST,Natural Gas,2963.0
12/19/2021 15:30:00,EST,Nuclear,3342.0
12/19/2021 15:30:00,EST,Other Fossil Fuels,3.0
12/19/2021 15:30:00,EST,Other Renewables,262.0
12/19/2021 15:30:00,EST,Wind,231.0
12/19/2021 15:30:00,EST,Hydro,3681.0
12/19/2021 15:35:00,EST,Dual Fuel,3974.0
12/19/2021 15:35:00,EST,Natural Gas,2969.0
12/19/2021 15:35:00,EST,Nuclear,3339.0
12/19/2021 15:35:00,EST,Other Fossil Fuels,3.0
12/19/2021 15:35:00,EST,Other Renewables,262.0
12/19/2021 15:35:00,EST,Wind,230.0
12/19/2021 15:35:00,EST,Hydro,3706.0
12/19/2021 15:40:00,EST,Dual Fuel,4024.0
12/19/2021 15:40:00,EST,Natural Gas,2971.0
12/19/2021 15:40:00,EST,Nuclear,3340.0
12/19/2021 15:40:00,EST,Other Fossil Fuels,3.0
12/19/2021 15:40:00,EST,Other Renewables,263.0
12/19/2021 15:40:00,EST,Wind,225.0
12/19/2021 15:40:00,EST,Hydro,3734.0
12/19/2021 15:45:00,EST,Dual Fuel,4050.0
12/19/2021 15:45:00,EST,Natural Gas,3000.0
12/19/2021 15:45:00,EST,Nuclear,3340.0
12/19/2021 15:45:00,EST,Other Fossil Fuels,3.0
12/19/2021 15:45:00,EST,Other Renewables,263.0
12/19/2021 15:45:00,EST,Wind,227.0
12/19/2021 15:45:00,EST,Hydro,3697.0
12/19/2021 15:50:00,EST,Dual Fuel,4115.0
12/19/2021 15:50:00,EST,Natural Gas,3052.0
12/19/2021 15:50:00,EST,Nuclear,3338.0
12/19/2021 15:50:00,EST,Other Fossil Fuels,3.0
12/19/2021 15:50:00,EST,Other Renewables,265.0
12/19/2021 15:50:00,EST,Wind,229.0
12/19/2021 15:50:00,EST,Hydro,3643.0
12/19/2021 15:55:00,EST,Dual Fuel,4135.0
12/19/2021 15:55:00,EST,Natural Gas,3063.0
12/19/2021 15:55:00,EST,Nuclear,3341.0
12/19/2021 15:55:00,EST,Other Fossil Fuels,3.0
12/19/2021 15:55:00,EST,Other Renewables,264.0
12/19/2021 15:55:00,EST,Wind,224.0
12/19/2021 15:55:00,EST,Hydro,3648.0
12/19/2021 16:00:00,EST,Dual Fuel,4278.0
12/19/2021 16:00:00,EST,Natural Gas,3031.0
12/19/2021 16:00:00,EST,Nuclear,3340.0
12/19/2021 16:00:00,EST,Other Fossil Fuels,3.0
12/19/2021 16:00:00,EST,Other Renewables,259.0
12/19/2021 16:00:00,EST,Wind,238.0
12/19/2021 16:00:00,EST,Hydro,3624.0
12/19/2021 16:05:00,EST,Dual Fuel,4309.0
12/19/2021 16:05:00,EST,Natural Gas,2960.0
12/19/2021 16:05:00,EST,Nuclear,3340.0
12/19/2021 16:05:00,EST,Other Fossil Fuels,3.0
12/19/2021 16:05:00,EST,Other Renewables,265.0
12/19/2021 16:05:00,EST,Wind,245.0
12/19/2021 16:05:00,EST,Hydro,3609.0
12/19/2021 16:10:00,EST,Dual Fuel,4364.0
12/19/2021 16:10:00,EST,Natural Gas,2928.0
12/19/2021 16:10:00,EST,Nuclear,3341.0
12/19/2021 16:10:00,EST,Other Fossil Fuels,3.0
12/19/2021 16:10:00,EST,Other Renewables,267.0
12/19/2021 16:10:00,EST,Wind,243.0
12/19/2021 16:10:00,EST,Hydro,3671.0
12/19/2021 16:15:00,EST,Dual Fuel,4459.0
12/19/2021 16:15:00,EST,Natural Gas,2919.0
12/19/2021 16:15:00,EST,Nuclear,3338.0
12/19/2021 16:15:00,EST,Other Fossil Fuels,3.0
12/19/2021 16:15:00,EST,Other Renewables,267.0
12/19/2021 16:15:00,EST,Wind,249.0
12/19/2021 16:15:00,EST,Hydro,3699.0
12/19/2021 16:20:00,EST,Dual Fuel,4567.0
12/19/2021 16:20:00,EST,Natural Gas,2872.0
12/19/2021 16:20:00,EST,Nuclear,3339.0
12/19/2021 16:20:00,EST,Other Fossil Fuels,3.0
12/19/2021 16:20:00,EST,Other Renewables,265.0
12/19/2021 16:20:00,EST,Wind,255.0
12/19/2021 16:20:00,EST,Hydro,3655.0
12/19/2021 16:25:00,EST,Dual Fuel,4644.0
12/19/2021 16:25:00,EST,Natural Gas,2796.0
12/19/2021 16:25:00,EST,Nuclear,3341.0
12/19/2021 16:25:00,EST,Other Fossil Fuels,3.0
12/19/2021 16:25:00,EST,Other Renewables,263.0
12/19/2021 16:25:00,EST,Wind,256.0
12/19/2021 16:25:00,EST,Hydro,3706.0
12/19/2021 16:30:00,EST,Dual Fuel,4723.0
12/19/2021 16:30:00,EST,Natural Gas,2815.0
12/19/2021 16:30:00,EST,Nuclear,3339.0
12/19/2021 16:30:00,EST,Other Fossil Fuels,3.0
12/19/2021 16:30:00,EST,Other Renewables,263.0
12/19/2021 16:30:00,EST,Wind,240.0
12/19/2021 16:30:00,EST,Hydro,3742.0
12/19/2021 16:35:00,EST,Dual Fuel,4744.0
12/19/2021 16:35:00,EST,Natural Gas,2904.0
12/19/2021 16:35:00,EST,Nuclear,3339.0
12/19/2021 16:35:00,EST,Other Fossil Fuels,3.0
12/19/2021 16:35:00,EST,Other Renewables,267.0
12/19/2021 16:35:00,EST,Wind,235.0
12/19/2021 16:35:00,EST,Hydro,3765.0
12/19/2021 16:40:00,EST,Dual Fuel,4778.0
12/19/2021 16:40:00,EST,Natural Gas,3032.0
12/19/2021 16:40:00,EST,Nuclear,3340.0
12/19/2021 16:40:00,EST,Other Fossil Fuels,7.0
12/19/2021 16:40:00,EST,Other Renewables,269.0
12/19/2021 16:40:00,EST,Wind,242.0
12/19/2021 16:40:00,EST,Hydro,3768.0
12/19/2021 16:45:00,EST,Dual Fuel,4851.0
12/19/2021 16:45:00,EST,Natural Gas,3078.0
12/19/2021 16:45:00,EST,Nuclear,3340.0
12/19/2021 16:45:00,EST,Other Fossil Fuels,33.0
12/19/2021 16:45:00,EST,Other Renewables,266.0
12/19/2021 16:45:00,EST,Wind,239.0
12/19/2021 16:45:00,EST,Hydro,3755.0
12/19/2021 16:50:00,EST,Dual Fuel,4942.0
12/19/2021 16:50:00,EST,Natural Gas,3036.0
12/19/2021 16:50:00,EST,Nuclear,3339.0
12/19/2021 16:50:00,EST,Other Fossil Fuels,46.0
12/19/2021 16:50:00,EST,Other Renewables,266.0
12/19/2021 16:50:00,EST,Wind,238.0
12/19/2021 16:50:00,EST,Hydro,3739.0
12/19/2021 16:55:00,EST,Dual Fuel,5027.0
12/19/2021 16:55:00,EST,Natural Gas,3007.0
12/19/2021 16:55:00,EST,Nuclear,3338.0
12/19/2021 16:55:00,EST,Other Fossil Fuels,46.0
12/19/2021 16:55:00,EST,Other Renewables,269.0
12/19/2021 16:55:00,EST,Wind,248.0
12/19/2021 16:55:00,EST,Hydro,3782.0
12/19/2021 17:00:00,EST,Dual Fuel,5052.0
12/19/2021 17:00:00,EST,Natural Gas,3056.0
12/19/2021 17:00:00,EST,Nuclear,3339.0
12/19/2021 17:00:00,EST,Other Fossil Fuels,46.0
12/19/2021 17:00:00,EST,Other Renewables,271.0
12/19/2021 17:00:00,EST,Wind,253.0
12/19/2021 17:00:00,EST,Hydro,3793.0
12/19/2021 17:05:00,EST,Dual Fuel,4982.0
12/19/2021 17:05:00,EST,Natural Gas,3054.0
12/19/2021 17:05:00,EST,Nuclear,3340.0
12/19/2021 17:05:00,EST,Other Fossil Fuels,46.0
12/19/2021 17:05:00,EST,Other Renewables,267.0
12/19/2021 17:05:00,EST,Wind,256.0
12/19/2021 17:05:00,EST,Hydro,3856.0
12/19/2021 17:10:00,EST,Dual Fuel,5017.0
12/19/2021 17:10:00,EST,Natural Gas,3025.0
12/19/2021 17:10:00,EST,Nuclear,3338.0
12/19/2021 17:10:00,EST,Other Fossil Fuels,46.0
12/19/2021 17:10:00,EST,Other Renewables,263.0
12/19/2021 17:10:00,EST,Wind,259.0
12/19/2021 17:10:00,EST,Hydro,3870.0
12/19/2021 17:15:00,EST,Dual Fuel,5107.0
12/19/2021 17:15:00,EST,Natural Gas,3038.0
12/19/2021 17:15:00,EST,Nuclear,3339.0
12/19/2021 17:15:00,EST,Other Fossil Fuels,57.0
12/19/2021 17:15:00,EST,Other Renewables,262.0
12/19/2021 17:15:00,EST,Wind,257.0
12/19/2021 17:15:00,EST,Hydro,3869.0
12/19/2021 17:20:00,EST,Dual Fuel,5234.0
12/19/2021 17:20:00,EST,Natural Gas,3024.0
12/19/2021 17:20:00,EST,Nuclear,3339.0
12/19/2021 17:20:00,EST,Other Fossil Fuels,99.0
12/19/2021 17:20:00,EST,Other Renewables,263.0
12/19/2021 17:20:00,EST,Wind,244.0
12/19/2021 17:20:00,EST,Hydro,3829.0
12/19/2021 17:25:00,EST,Dual Fuel,5253.0
12/19/2021 17:25:00,EST,Natural Gas,3052.0
12/19/2021 17:25:00,EST,Nuclear,3339.0
12/19/2021 17:25:00,EST,Other Fossil Fuels,101.0
12/19/2021 17:25:00,EST,Other Renewables,267.0
12/19/2021 17:25:00,EST,Wind,250.0
12/19/2021 17:25:00,EST,Hydro,3821.0
12/19/2021 17:30:00,EST,Dual Fuel,5327.0
12/19/2021 17:30:00,EST,Natural Gas,3105.0
12/19/2021 17:30:00,EST,Nuclear,3339.0
12/19/2021 17:30:00,EST,Other Fossil Fuels,101.0
12/19/2021 17:30:00,EST,Other Renewables,265.0
12/19/2021 17:30:00,EST,Wind,260.0
12/19/2021 17:30:00,EST,Hydro,3807.0
12/19/2021 17:35:00,EST,Dual Fuel,5344.0
12/19/2021 17:35:00,EST,Natural Gas,3115.0
12/19/2021 17:35:00,EST,Nuclear,3338.0
12/19/2021 17:35:00,EST,Other Fossil Fuels,119.0
12/19/2021 17:35:00,EST,Other Renewables,256.0
12/19/2021 17:35:00,EST,Wind,264.0
12/19/2021 17:35:00,EST,Hydro,3831.0
12/19/2021 17:40:00,EST,Dual Fuel,5363.0
12/19/2021 17:40:00,EST,Natural Gas,3120.0
12/19/2021 17:40:00,EST,Nuclear,3338.0
12/19/2021 17:40:00,EST,Other Fossil Fuels,140.0
12/19/2021 17:40:00,EST,Other Renewables,256.0
12/19/2021 17:40:00,EST,Wind,252.0
12/19/2021 17:40:00,EST,Hydro,3853.0
12/19/2021 17:45:00,EST,Dual Fuel,5373.0
12/19/2021 17:45:00,EST,Natural Gas,3077.0
12/19/2021 17:45:00,EST,Nuclear,3338.0
12/19/2021 17:45:00,EST,Other Fossil Fuels,140.0
12/19/2021 17:45:00,EST,Other Renewables,258.0
12/19/2021 17:45:00,EST,Wind,261.0
12/19/2021 17:45:00,EST,Hydro,3865.0
12/19/2021 17:50:00,EST,Dual Fuel,5470.0
12/19/2021 17:50:00,EST,Natural Gas,3027.0
12/19/2021 17:50:00,EST,Nuclear,3338.0
12/19/2021 17:50:00,EST,Other Fossil Fuels,115.0
12/19/2021 17:50:00,EST,Other Renewables,252.0
12/19/2021 17:50:00,EST,Wind,260.0
12/19/2021 17:50:00,EST,Hydro,3871.0
12/19/2021 17:55:00,EST,Dual Fuel,5514.0
12/19/2021 17:55:00,EST,Natural Gas,3013.0
12/19/2021 17:55:00,EST,Nuclear,3339.0
12/19/2021 17:55:00,EST,Other Fossil Fuels,97.0
12/19/2021 17:55:00,EST,Other Renewables,252.0
12/19/2021 17:55:00,EST,Wind,271.0
12/19/2021 17:55:00,EST,Hydro,3859.0
12/19/2021 18:00:00,EST,Dual Fuel,5484.0
12/19/2021 18:00:00,EST,Natural Gas,3076.0
12/19/2021 18:00:00,EST,Nuclear,3338.0
12/19/2021 18:00:00,EST,Other Fossil Fuels,100.0
12/19/2021 18:00:00,EST,Other Renewables,255.0
12/19/2021 18:00:00,EST,Wind,281.0
12/19/2021 18:00:00,EST,Hydro,3783.0
12/19/2021 18:05:00,EST,Dual Fuel,5447.0
12/19/2021 18:05:00,EST,Natural Gas,3109.0
12/19/2021 18:05:00,EST,Nuclear,3340.0
12/19/2021 18:05:00,EST,Other Fossil Fuels,100.0
12/19/2021 18:05:00,EST,Other Renewables,255.0
12/19/2021 18:05:00,EST,Wind,272.0
12/19/2021 18:05:00,EST,Hydro,3806.0
12/19/2021 18:10:00,EST,Dual Fuel,5415.0
12/19/2021 18:10:00,EST,Natural Gas,3133.0
12/19/2021 18:10:00,EST,Nuclear,3338.0
12/19/2021 18:10:00,EST,Other Fossil Fuels,100.0
12/19/2021 18:10:00,EST,Other Renewables,257.0
12/19/2021 18:10:00,EST,Wind,269.0
12/19/2021 18:10:00,EST,Hydro,3828.0
12/19/2021 18:15:00,EST,Dual Fuel,5373.0
12/19/2021 18:15:00,EST,Natural Gas,3178.0
12/19/2021 18:15:00,EST,Nuclear,3340.0
12/19/2021 18:15:00,EST,Other Fossil Fuels,100.0
12/19/2021 18:15:00,EST,Other Renewables,259.0
12/19/2021 18:15:00,EST,Wind,267.0
12/19/2021 18:15:00,EST,Hydro,3877.0
12/19/2021 18:20:00,EST,Dual Fuel,5379.0
12/19/2021 18:20:00,EST,Natural Gas,3222.0
12/19/2021 18:20:00,EST,Nuclear,3339.0
12/19/2021 18:20:00,EST,Other Fossil Fuels,99.0
12/19/2021 18:20:00,EST,Other Renewables,260.0
12/19/2021 18:20:00,EST,Wind,271.0
12/19/2021 18:20:00,EST,Hydro,3837.0
12/19/2021 18:25:00,EST,Dual Fuel,5394.0
12/19/2021 18:25:00,EST,Natural Gas,3247.0
12/19/2021 18:25:00,EST,Nuclear,3339.0
12/19/2021 18:25:00,EST,Other Fossil Fuels,98.0
12/19/2021 18:25:00,EST,Other Renewables,258.0
12/19/2021 18:25:00,EST,Wind,260.0
12/19/2021 18:25:00,EST,Hydro,3852.0
12/19/2021 18:30:00,EST,Dual Fuel,5379.0
12/19/2021 18:30:00,EST,Natural Gas,3280.0
12/19/2021 18:30:00,EST,Nuclear,3338.0
12/19/2021 18:30:00,EST,Other Fossil Fuels,69.0
12/19/2021 18:30:00,EST,Other Renewables,258.0
12/19/2021 18:30:00,EST,Wind,245.0
12/19/2021 18:30:00,EST,Hydro,3869.0
12/19/2021 18:35:00,EST,Dual Fuel,5337.0
12/19/2021 18:35:00,EST,Natural Gas,3302.0
12/19/2021 18:35:00,EST,Nuclear,3338.0
12/19/2021 18:35:00,EST,Other Fossil Fuels,43.0
12/19/2021 18:35:00,EST,Other Renewables,252.0
12/19/2021 18:35:00,EST,Wind,251.0
12/19/2021 18:35:00,EST,Hydro,3868.0
12/19/2021 18:40:00,EST,Dual Fuel,5298.0
12/19/2021 18:40:00,EST,Natural Gas,3298.0
12/19/2021 18:40:00,EST,Nuclear,3338.0
12/19/2021 18:40:00,EST,Other Fossil Fuels,43.0
12/19/2021 18:40:00,EST,Other Renewables,256.0
12/19/2021 18:40:00,EST,Wind,248.0
12/19/2021 18:40:00,EST,Hydro,3860.0
12/19/2021 18:45:00,EST,Dual Fuel,5280.0
12/19/2021 18:45:00,EST,Natural Gas,3267.0
12/19/2021 18:45:00,EST,Nuclear,3337.0
12/19/2021 18:45:00,EST,Other Fossil Fuels,43.0
12/19/2021 18:45:00,EST,Other Renewables,261.0
12/19/2021 18:45:00,EST,Wind,247.0
12/19/2021 18:45:00,EST,Hydro,3872.0
12/19/2021 18:50:00,EST,Dual Fuel,5256.0
12/19/2021 18:50:00,EST,Natural Gas,3159.0
12/19/2021 18:50:00,EST,Nuclear,3339.0
12/19/2021 18:50:00,EST,Other Fossil Fuels,43.0
12/19/2021 18:50:00,EST,Other Renewables,258.0
12/19/2021 18:50:00,EST,Wind,250.0
12/19/2021 18:50:00,EST,Hydro,3902.0
12/19/2021 18:55:00,EST,Dual Fuel,5252.0
12/19/2021 18:55:00,EST,Natural Gas,3089.0
12/19/2021 18:55:00,EST,Nuclear,3339.0
12/19/2021 18:55:00,EST,Other Fossil Fuels,43.0
12/19/2021 18:55:00,EST,Other Renewables,260.0
12/19/2021 18:55:00,EST,Wind,243.0
12/19/2021 18:55:00,EST,Hydro,3894.0
12/19/2021 19:00:00,EST,Dual Fuel,5280.0
12/19/2021 19:00:00,EST,Natural Gas,3045.0
12/19/2021 19:00:00,EST,Nuclear,3340.0
12/19/2021 19:00:00,EST,Other Fossil Fuels,43.0
12/19/2021 19:00:00,EST,Other Renewables,260.0
12/19/2021 19:00:00,EST,Wind,239.0
12/19/2021 19:00:00,EST,Hydro,3904.0
12/19/2021 19:05:00,EST,Dual Fuel,5389.0
12/19/2021 19:05:00,EST,Natural Gas,3070.0
12/19/2021 19:05:00,EST,Nuclear,3339.0
12/19/2021 19:05:00,EST,Other Fossil Fuels,43.0
12/19/2021 19:05:00,EST,Other Renewables,256.0
12/19/2021 19:05:00,EST,Wind,227.0
12/19/2021 19:05:00,EST,Hydro,3994.0
12/19/2021 19:10:00,EST,Dual Fuel,5438.0
12/19/2021 19:10:00,EST,Natural Gas,3123.0
12/19/2021 19:10:00,EST,Nuclear,3338.0
12/19/2021 19:10:00,EST,Other Fossil Fuels,43.0
12/19/2021 19:10:00,EST,Other Renewables,253.0
12/19/2021 19:10:00,EST,Wind,214.0
12/19/2021 19:10:00,EST,Hydro,4052.0
12/19/2021 19:15:00,EST,Dual Fuel,5438.0
12/19/2021 19:15:00,EST,Natural Gas,3091.0
12/19/2021 19:15:00,EST,Nuclear,3339.0
12/19/2021 19:15:00,EST,Other Fossil Fuels,43.0
12/19/2021 19:15:00,EST,Other Renewables,252.0
12/19/2021 19:15:00,EST,Wind,151.0
12/19/2021 19:15:00,EST,Hydro,4109.0
12/19/2021 19:20:00,EST,Dual Fuel,5419.0
12/19/2021 19:20:00,EST,Natural Gas,3026.0
12/19/2021 19:20:00,EST,Nuclear,3338.0
12/19/2021 19:20:00,EST,Other Fossil Fuels,43.0
12/19/2021 19:20:00,EST,Other Renewables,259.0
12/19/2021 19:20:00,EST,Wind,177.0
12/19/2021 19:20:00,EST,Hydro,4165.0
12/19/2021 19:25:00,EST,Dual Fuel,5391.0
12/19/2021 19:25:00,EST,Natural Gas,3083.0
12/19/2021 19:25:00,EST,Nuclear,3337.0
12/19/2021 19:25:00,EST,Other Fossil Fuels,43.0
12/19/2021 19:25:00,EST,Other Renewables,259.0
12/19/2021 19:25:00,EST,Wind,192.0
12/19/2021 19:25:00,EST,Hydro,4053.0
12/19/2021 19:30:00,EST,Dual Fuel,5342.0
12/19/2021 19:30:00,EST,Natural Gas,3170.0
12/19/2021 19:30:00,EST,Nuclear,3337.0
12/19/2021 19:30:00,EST,Other Fossil Fuels,43.0
12/19/2021 19:30:00,EST,Other Renewables,258.0
12/19/2021 19:30:00,EST,Wind,183.0
12/19/2021 19:30:00,EST,Hydro,4018.0
12/19/2021 19:35:00,EST,Dual Fuel,5290.0
12/19/2021 19:35:00,EST,Natural Gas,3252.0
12/19/2021 19:35:00,EST,Nuclear,3339.0
12/19/2021 19:35:00,EST,Other Fossil Fuels,43.0
12/19/2021 19:35:00,EST,Other Renewables,261.0
12/19/2021 19:35:00,EST,Wind,178.0
12/19/2021 19:35:00,EST,Hydro,3970.0
12/19/2021 19:40:00,EST,Dual Fuel,5216.0
12/19/2021 19:40:00,EST,Natural Gas,3280.0
12/19/2021 19:40:00,EST,Nuclear,3339.0
12/19/2021 19:40:00,EST,Other Fossil Fuels,43.0
12/19/2021 19:40:00,EST,Other Renewables,265.0
12/19/2021 19:40:00,EST,Wind,179.0
12/19/2021 19:40:00,EST,Hydro,4038.0
12/19/2021 19:45:00,EST,Dual Fuel,5198.0
12/19/2021 19:45:00,EST,Natural Gas,3366.0
12/19/2021 19:45:00,EST,Nuclear,3340.0
12/19/2021 19:45:00,EST,Other Fossil Fuels,43.0
12/19/2021 19:45:00,EST,Other Renewables,264.0
12/19/2021 19:45:00,EST,Wind,181.0
12/19/2021 19:45:00,EST,Hydro,3964.0
12/19/2021 19:50:00,EST,Dual Fuel,5142.0
12/19/2021 19:50:00,EST,Natural Gas,3431.0
12/19/2021 19:50:00,EST,Nuclear,3340.0
12/19/2021 19:50:00,EST,Other Fossil Fuels,43.0
12/19/2021 19:50:00,EST,Other Renewables,266.0
12/19/2021 19:50:00,EST,Wind,170.0
12/19/2021 19:50:00,EST,Hydro,3895.0
12/19/2021 19:55:00,EST,Dual Fuel,5090.0
12/19/2021 19:55:00,EST,Natural Gas,3432.0
12/19/2021 19:55:00,EST,Nuclear,3340.0
12/19/2021 19:55:00,EST,Other Fossil Fuels,43.0
12/19/2021 19:55:00,EST,Other Renewables,263.0
12/19/2021 19:55:00,EST,Wind,145.0
12/19/2021 19:55:00,EST,Hydro,3944.0
12/19/2021 20:00:00,EST,Dual Fuel,5029.0
12/19/2021 20:00:00,EST,Natural Gas,3392.0
12/19/2021 20:00:00,EST,Nuclear,3339.0
12/19/2021 20:00:00,EST,Other Fossil Fuels,43.0
12/19/2021 20:00:00,EST,Other Renewables,266.0
12/19/2021 20:00:00,EST,Wind,127.0
12/19/2021 20:00:00,EST,Hydro,3956.0
12/19/2021 20:05:00,EST,Dual Fuel,4963.0
12/19/2021 20:05:00,EST,Natural Gas,3300.0
12/19/2021 20:05:00,EST,Nuclear,3340.0
12/19/2021 20:05:00,EST,Other Fossil Fuels,43.0
12/19/2021 20:05:00,EST,Other Renewables,264.0
12/19/2021 20:05:00,EST,Wind,118.0
12/19/2021 20:05:00,EST,Hydro,3926.0
12/19/2021 20:10:00,EST,Dual Fuel,4916.0
12/19/2021 20:10:00,EST,Natural Gas,3295.0
12/19/2021 20:10:00,EST,Nuclear,3340.0
12/19/2021 20:10:00,EST,Other Fossil Fuels,43.0
12/19/2021 20:10:00,EST,Other Renewables,265.0
12/19/2021 20:10:00,EST,Wind,110.0
12/19/2021 20:10:00,EST,Hydro,3838.0
12/19/2021 20:15:00,EST,Dual Fuel,4830.0
12/19/2021 20:15:00,EST,Natural Gas,3305.0
12/19/2021 20:15:00,EST,Nuclear,3339.0
12/19/2021 20:15:00,EST,Other Fossil Fuels,43.0
12/19/2021 20:15:00,EST,Other Renewables,265.0
12/19/2021 20:15:00,EST,Wind,99.0
12/19/2021 20:15:00,EST,Hydro,3879.0
12/19/2021 20:20:00,EST,Dual Fuel,4766.0
12/19/2021 20:20:00,EST,Natural Gas,3310.0
12/19/2021 20:20:00,EST,Nuclear,3341.0
12/19/2021 20:20:00,EST,Other Fossil Fuels,43.0
12/19/2021 20:20:00,EST,Other Renewables,266.0
12/19/2021 20:20:00,EST,Wind,94.0
12/19/2021 20:20:00,EST,Hydro,3904.0
12/19/2021 20:25:00,EST,Dual Fuel,4731.0
12/19/2021 20:25:00,EST,Natural Gas,3309.0
12/19/2021 20:25:00,EST,Nuclear,3341.0
12/19/2021 20:25:00,EST,Other Fossil Fuels,43.0
12/19/2021 20:25:00,EST,Other Renewables,267.0
12/19/2021 20:25:00,EST,Wind,90.0
12/19/2021 20:25:00,EST,Hydro,3868.0
12/19/2021 20:30:00,EST,Dual Fuel,4679.0
12/19/2021 20:30:00,EST,Natural Gas,3310.0
12/19/2021 20:30:00,EST,Nuclear,3341.0
12/19/2021 20:30:00,EST,Other Fossil Fuels,43.0
12/19/2021 20:30:00,EST,Other Renewables,263.0
12/19/2021 20:30:00,EST,Wind,87.0
12/19/2021 20:30:00,EST,Hydro,3889.0
12/19/2021 20:35:00,EST,Dual Fuel,4598.0
12/19/2021 20:35:00,EST,Natural Gas,3322.0
12/19/2021 20:35:00,EST,Nuclear,3340.0
12/19/2021 20:35:00,EST,Other Fossil Fuels,43.0
12/19/2021 20:35:00,EST,Other Renewables,262.0
12/19/2021 20:35:00,EST,Wind,81.0
12/19/2021 20:35:00,EST,Hydro,3988.0
12/19/2021 20:40:00,EST,Dual Fuel,4526.0
12/19/2021 20:40:00,EST,Natural Gas,3347.0
12/19/2021 20:40:00,EST,Nuclear,3340.0
12/19/2021 20:40:00,EST,Other Fossil Fuels,43.0
12/19/2021 20:40:00,EST,Other Renewables,263.0
12/19/2021 20:40:00,EST,Wind,79.0
12/19/2021 20:40:00,EST,Hydro,3994.0
12/19/2021 20:45:00,EST,Dual Fuel,4473.0
12/19/2021 20:45:00,EST,Natural Gas,3347.0
12/19/2021 20:45:00,EST,Nuclear,3339.0
12/19/2021 20:45:00,EST,Other Fossil Fuels,43.0
12/19/2021 20:45:00,EST,Other Renewables,263.0
12/19/2021 20:45:00,EST,Wind,74.0
12/19/2021 20:45:00,EST,Hydro,3996.0
12/19/2021 20:50:00,EST,Dual Fuel,4490.0
12/19/2021 20:50:00,EST,Natural Gas,3301.0
12/19/2021 20:50:00,EST,Nuclear,3341.0
12/19/2021 20:50:00,EST,Other Fossil Fuels,43.0
12/19/2021 20:50:00,EST,Other Renewables,262.0
12/19/2021 20:50:00,EST,Wind,69.0
12/19/2021 20:50:00,EST,Hydro,3966.0
12/19/2021 20:55:00,EST,Dual Fuel,4478.0
12/19/2021 20:55:00,EST,Natural Gas,3292.0
12/19/2021 20:55:00,EST,Nuclear,3342.0
12/19/2021 20:55:00,EST,Other Fossil Fuels,43.0
12/19/2021 20:55:00,EST,Other Renewables,261.0
12/19/2021 20:55:00,EST,Wind,74.0
12/19/2021 20:55:00,EST,Hydro,3916.0
12/19/2021 21:00:00,EST,Dual Fuel,4471.0
12/19/2021 21:00:00,EST,Natural Gas,3254.0
12/19/2021 21:00:00,EST,Nuclear,3340.0
12/19/2021 21:00:00,EST,Other Fossil Fuels,43.0
12/19/2021 21:00:00,EST,Other Renewables,262.0
12/19/2021 21:00:00,EST,Wind,76.0
12/19/2021 21:00:00,EST,Hydro,3898.0
12/19/2021 21:05:00,EST,Dual Fuel,4503.0
12/19/2021 21:05:00,EST,Natural Gas,3188.0
12/19/2021 21:05:00,EST,Nuclear,3341.0
12/19/2021 21:05:00,EST,Other Fossil Fuels,43.0
12/19/2021 21:05:00,EST,Other Renewables,264.0
12/19/2021 21:05:00,EST,Wind,73.0
12/19/2021 21:05:00,EST,Hydro,3937.0
12/19/2021 21:10:00,EST,Dual Fuel,4509.0
12/19/2021 21:10:00,EST,Natural Gas,3172.0
12/19/2021 21:10:00,EST,Nuclear,3341.0
12/19/2021 21:10:00,EST,Other Fossil Fuels,43.0
12/19/2021 21:10:00,EST,Other Renewables,264.0
12/19/2021 21:10:00,EST,Wind,76.0
12/19/2021 21:10:00,EST,Hydro,3901.0
12/19/2021 21:15:00,EST,Dual Fuel,4488.0
12/19/2021 21:15:00,EST,Natural Gas,3165.0
12/19/2021 21:15:00,EST,Nuclear,3341.0
12/19/2021 21:15:00,EST,Other Fossil Fuels,43.0
12/19/2021 21:15:00,EST,Other Renewables,261.0
12/19/2021 21:15:00,EST,Wind,76.0
12/19/2021 21:15:00,EST,Hydro,3876.0
12/19/2021 21:20:00,EST,Dual Fuel,4452.0
12/19/2021 21:20:00,EST,Natural Gas,3144.0
12/19/2021 21:20:00,EST,Nuclear,3341.0
12/19/2021 21:20:00,EST,Other Fossil Fuels,43.0
12/19/2021 21:20:00,EST,Other Renewables,260.0
12/19/2021 21:20:00,EST,Wind,80.0
12/19/2021 21:20:00,EST,Hydro,3857.0
12/19/2021 21:25:00,EST,Dual Fuel,4411.0
12/19/2021 21:25:00,EST,Natural Gas,3130.0
12/19/2021 21:25:00,EST,Nuclear,3339.0
12/19/2021 21:25:00,EST,Other Fossil Fuels,43.0
12/19/2021 21:25:00,EST,Other Renewables,260.0
12/19/2021 21:25:00,EST,Wind,81.0
12/19/2021 21:25:00,EST,Hydro,3854.0
12/19/2021 21:30:00,EST,Dual Fuel,4400.0
12/19/2021 21:30:00,EST,Natural Gas,3111.0
12/19/2021 21:30:00,EST,Nuclear,3341.0
12/19/2021 21:30:00,EST,Other Fossil Fuels,43.0
12/19/2021 21:30:00,EST,Other Renewables,261.0
12/19/2021 21:30:00,EST,Wind,86.0
12/19/2021 21:30:00,EST,Hydro,3806.0
12/19/2021 21:35:00,EST,Dual Fuel,4409.0
12/19/2021 21:35:00,EST,Natural Gas,3094.0
12/19/2021 21:35:00,EST,Nuclear,3341.0
12/19/2021 21:35:00,EST,Other Fossil Fuels,13.0
12/19/2021 21:35:00,EST,Other Renewables,263.0
12/19/2021 21:35:00,EST,Wind,90.0
12/19/2021 21:35:00,EST,Hydro,3776.0
12/19/2021 21:40:00,EST,Dual Fuel,4399.0
12/19/2021 21:40:00,EST,Natural Gas,3036.0
12/19/2021 21:40:00,EST,Nuclear,3340.0
12/19/2021 21:40:00,EST,Other Fossil Fuels,3.0
12/19/2021 21:40:00,EST,Other Renewables,264.0
12/19/2021 21:40:00,EST,Wind,97.0
12/19/2021 21:40:00,EST,Hydro,3780.0
12/19/2021 21:45:00,EST,Dual Fuel,4405.0
12/19/2021 21:45:00,EST,Natural Gas,2984.0
12/19/2021 21:45:00,EST,Nuclear,3340.0
12/19/2021 21:45:00,EST,Other Fossil Fuels,3.0
12/19/2021 21:45:00,EST,Other Renewables,264.0
12/19/2021 21:45:00,EST,Wind,102.0
12/19/2021 21:45:00,EST,Hydro,3801.0
12/19/2021 21:50:00,EST,Dual Fuel,4412.0
12/19/2021 21:50:00,EST,Natural Gas,2950.0
12/19/2021 21:50:00,EST,Nuclear,3340.0
12/19/2021 21:50:00,EST,Other Fossil Fuels,3.0
12/19/2021 21:50:00,EST,Other Renewables,263.0
12/19/2021 21:50:00,EST,Wind,99.0
12/19/2021 21:50:00,EST,Hydro,3766.0
12/19/2021 21:55:00,EST,Dual Fuel,4384.0
12/19/2021 21:55:00,EST,Natural Gas,2948.0
12/19/2021 21:55:00,EST,Nuclear,3339.0
12/19/2021 21:55:00,EST,Other Fossil Fuels,3.0
12/19/2021 21:55:00,EST,Other Renewables,264.0
12/19/2021 21:55:00,EST,Wind,95.0
12/19/2021 21:55:00,EST,Hydro,3683.0
12/19/2021 22:00:00,EST,Dual Fuel,4358.0
12/19/2021 22:00:00,EST,Natural Gas,2990.0
12/19/2021 22:00:00,EST,Nuclear,3341.0
12/19/2021 22:00:00,EST,Other Fossil Fuels,3.0
12/19/2021 22:00:00,EST,Other Renewables,264.0
12/19/2021 22:00:00,EST,Wind,92.0
12/19/2021 22:00:00,EST,Hydro,3638.0
12/19/2021 22:05:00,EST,Dual Fuel,4365.0
12/19/2021 22:05:00,EST,Natural Gas,3066.0
12/19/2021 22:05:00,EST,Nuclear,3340.0
12/19/2021 22:05:00,EST,Other Fossil Fuels,3.0
12/19/2021 22:05:00,EST,Other Renewables,264.0
12/19/2021 22:05:00,EST,Wind,90.0
12/19/2021 22:05:00,EST,Hydro,3604.0
12/19/2021 22:10:00,EST,Dual Fuel,4354.0
12/19/2021 22:10:00,EST,Natural Gas,3045.0
12/19/2021 22:10:00,EST,Nuclear,3340.0
12/19/2021 22:10:00,EST,Other Fossil Fuels,3.0
12/19/2021 22:10:00,EST,Other Renewables,262.0
12/19/2021 22:10:00,EST,Wind,86.0
12/19/2021 22:10:00,EST,Hydro,3747.0
12/19/2021 22:15:00,EST,Dual Fuel,4354.0
12/19/2021 22:15:00,EST,Natural Gas,3012.0
12/19/2021 22:15:00,EST,Nuclear,3340.0
12/19/2021 22:15:00,EST,Other Fossil Fuels,3.0
12/19/2021 22:15:00,EST,Other Renewables,263.0
12/19/2021 22:15:00,EST,Wind,93.0
12/19/2021 22:15:00,EST,Hydro,3792.0
12/19/2021 22:20:00,EST,Dual Fuel,4331.0
12/19/2021 22:20:00,EST,Natural Gas,2999.0
12/19/2021 22:20:00,EST,Nuclear,3340.0
12/19/2021 22:20:00,EST,Other Fossil Fuels,3.0
12/19/2021 22:20:00,EST,Other Renewables,259.0
12/19/2021 22:20:00,EST,Wind,93.0
12/19/2021 22:20:00,EST,Hydro,3777.0
12/19/2021 22:25:00,EST,Dual Fuel,4253.0
12/19/2021 22:25:00,EST,Natural Gas,2994.0
12/19/2021 22:25:00,EST,Nuclear,3340.0
12/19/2021 22:25:00,EST,Other Fossil Fuels,3.0
12/19/2021 22:25:00,EST,Other Renewables,259.0
12/19/2021 22:25:00,EST,Wind,73.0
12/19/2021 22:25:00,EST,Hydro,3802.0
12/19/2021 22:30:00,EST,Dual Fuel,4181.0
12/19/2021 22:30:00,EST,Natural Gas,2989.0
12/19/2021 22:30:00,EST,Nuclear,3341.0
12/19/2021 22:30:00,EST,Other Fossil Fuels,3.0
12/19/2021 22:30:00,EST,Other Renewables,257.0
12/19/2021 22:30:00,EST,Wind,64.0
12/19/2021 22:30:00,EST,Hydro,3806.0
12/19/2021 22:35:00,EST,Dual Fuel,4151.0
12/19/2021 22:35:00,EST,Natural Gas,2989.0
12/19/2021 22:35:00,EST,Nuclear,3341.0
12/19/2021 22:35:00,EST,Other Fossil Fuels,3.0
12/19/2021 22:35:00,EST,Other Renewables,257.0
12/19/2021 22:35:00,EST,Wind,53.0
12/19/2021 22:35:00,EST,Hydro,3771.0
12/19/2021 22:40:00,EST,Dual Fuel,4081.0
12/19/2021 22:40:00,EST,Natural Gas,2991.0
12/19/2021 22:40:00,EST,Nuclear,3341.0
12/19/2021 22:40:00,EST,Other Fossil Fuels,3.0
12/19/2021 22:40:00,EST,Other Renewables,256.0
12/19/2021 22:40:00,EST,Wind,41.0
12/19/2021 22:40:00,EST,Hydro,3754.0
12/19/2021 22:45:00,EST,Dual Fuel,4050.0
12/19/2021 22:45:00,EST,Natural Gas,2971.0
12/19/2021 22:45:00,EST,Nuclear,3341.0
12/19/2021 22:45:00,EST,Other Fossil Fuels,3.0
12/19/2021 22:45:00,EST,Other Renewables,252.0
12/19/2021 22:45:00,EST,Wind,35.0
12/19/2021 22:45:00,EST,Hydro,3773.0
12/19/2021 22:50:00,EST,Dual Fuel,4068.0
12/19/2021 22:50:00,EST,Natural Gas,2930.0
12/19/2021 22:50:00,EST,Nuclear,3341.0
12/19/2021 22:50:00,EST,Other Fossil Fuels,3.0
12/19/2021 22:50:00,EST,Other Renewables,254.0
12/19/2021 22:50:00,EST,Wind,34.0
12/19/2021 22:50:00,EST,Hydro,3720.0
12/19/2021 22:55:00,EST,Dual Fuel,4030.0
12/19/2021 22:55:00,EST,Natural Gas,2937.0
12/19/2021 22:55:00,EST,Nuclear,3341.0
12/19/2021 22:55:00,EST,Other Fossil Fuels,3.0
12/19/2021 22:55:00,EST,Other Renewables,260.0
12/19/2021 22:55:00,EST,Wind,31.0
12/19/2021 22:55:00,EST,Hydro,3718.0
12/19/2021 23:00:00,EST,Dual Fuel,4005.0
12/19/2021 23:00:00,EST,Natural Gas,2873.0
12/19/2021 23:00:00,EST,Nuclear,3341.0
12/19/2021 23:00:00,EST,Other Fossil Fuels,3.0
12/19/2021 23:00:00,EST,Other Renewables,258.0
12/19/2021 23:00:00,EST,Wind,29.0
12/19/2021 23:00:00,EST,Hydro,3668.0
12/19/2021 23:05:00,EST,Dual Fuel,4048.0
12/19/2021 23:05:00,EST,Natural Gas,2763.0
12/19/2021 23:05:00,EST,Nuclear,3341.0
12/19/2021 23:05:00,EST,Other Fossil Fuels,3.0
12/19/2021 23:05:00,EST,Other Renewables,258.0
12/19/2021 23:05:00,EST,Wind,26.0
12/19/2021 23:05:00,EST,Hydro,3554.0
12/19/2021 23:10:00,EST,Dual Fuel,4072.0
12/19/2021 23:10:00,EST,Natural Gas,2780.0
12/19/2021 23:10:00,EST,Nuclear,3340.0
12/19/2021 23:10:00,EST,Other Fossil Fuels,3.0
12/19/2021 23:10:00,EST,Other Renewables,261.0
12/19/2021 23:10:00,EST,Wind,21.0
12/19/2021 23:10:00,EST,Hydro,3398.0
12/19/2021 23:15:00,EST,Dual Fuel,4038.0
12/19/2021 23:15:00,EST,Natural Gas,2797.0
12/19/2021 23:15:00,EST,Nuclear,3340.0
12/19/2021 23:15:00,EST,Other Fossil Fuels,3.0
12/19/2021 23:15:00,EST,Other Renewables,263.0
12/19/2021 23:15:00,EST,Wind,22.0
12/19/2021 23:15:00,EST,Hydro,3267.0
12/19/2021 23:20:00,EST,Dual Fuel,4061.0
12/19/2021 23:20:00,EST,Natural Gas,2764.0
12/19/2021 23:20:00,EST,Nuclear,3340.0
12/19/2021 23:20:00,EST,Other Fossil Fuels,3.0
12/19/2021 23:20:00,EST,Other Renewables,261.0
12/19/2021 23:20:00,EST,Wind,24.0
12/19/2021 23:20:00,EST,Hydro,3193.0
12/19/2021 23:25:00,EST,Dual Fuel,4043.0
12/19/2021 23:25:00,EST,Natural Gas,2749.0
12/19/2021 23:25:00,EST,Nuclear,3340.0
12/19/2021 23:25:00,EST,Other Fossil Fuels,3.0
12/19/2021 23:25:00,EST,Other Renewables,261.0
12/19/2021 23:25:00,EST,Wind,26.0
12/19/2021 23:25:00,EST,Hydro,3235.0
12/19/2021 23:30:00,EST,Dual Fuel,4005.0
12/19/2021 23:30:00,EST,Natural Gas,2746.0
12/19/2021 23:30:00,EST,Nuclear,3342.0
12/19/2021 23:30:00,EST,Other Fossil Fuels,3.0
12/19/2021 23:30:00,EST,Other Renewables,260.0
12/19/2021 23:30:00,EST,Wind,28.0
12/19/2021 23:30:00,EST,Hydro,3174.0
12/19/2021 23:35:00,EST,Dual Fuel,3982.0
12/19/2021 23:35:00,EST,Natural Gas,2717.0
12/19/2021 23:35:00,EST,Nuclear,3340.0
12/19/2021 23:35:00,EST,Other Fossil Fuels,3.0
12/19/2021 23:35:00,EST,Other Renewables,261.0
12/19/2021 23:35:00,EST,Wind,30.0
12/19/2021 23:35:00,EST,Hydro,3179.0
12/19/2021 23:40:00,EST,Dual Fuel,3984.0
12/19/2021 23:40:00,EST,Natural Gas,2688.0
12/19/2021 23:40:00,EST,Nuclear,3341.0
12/19/2021 23:40:00,EST,Other Fossil Fuels,3.0
12/19/2021 23:40:00,EST,Other Renewables,260.0
12/19/2021 23:40:00,EST,Wind,31.0
12/19/2021 23:40:00,EST,Hydro,3128.0
12/19/2021 23:45:00,EST,Dual Fuel,3973.0
12/19/2021 23:45:00,EST,Natural Gas,2675.0
12/19/2021 23:45:00,EST,Nuclear,3341.0
12/19/2021 23:45:00,EST,Other Fossil Fuels,3.0
12/19/2021 23:45:00,EST,Other Renewables,263.0
12/19/2021 23:45:00,EST,Wind,26.0
12/19/2021 23:45:00,EST,Hydro,3087.0
12/19/2021 23:50:00,EST,Dual Fuel,3983.0
12/19/2021 23:50:00,EST,Natural Gas,2624.0
12/19/2021 23:50:00,EST,Nuclear,3341.0
12/19/2021 23:50:00,EST,Other Fossil Fuels,3.0
12/19/2021 23:50:00,EST,Other Renewables,264.0
12/19/2021 23:50:00,EST,Wind,19.0
12/19/2021 23:50:00,EST,Hydro,3002.0
12/19/2021 23:55:00,EST,Dual Fuel,3927.0
12/19/2021 23:55:00,EST,Natural Gas,2645.0
12/19/2021 23:55:00,EST,Nuclear,3341.0
12/19/2021 23:55:00,EST,Other Fossil Fuels,3.0
12/19/2021 23:55:00,EST,Other Renewables,263.0
12/19/2021 23:55:00,EST,Wind,16.0
12/19/2021 23:55:00,EST,Hydro,3000.0
12/20/2021 00:00:00,EST,Dual Fuel,3932.0
12/20/2021 00:00:00,EST,Natural Gas,2630.0
12/20/2021 00:00:00,EST,Nuclear,3341.0
12/20/2021 00:00:00,EST,Other Fossil Fuels,3.0
12/20/2021 00:00:00,EST,Other Renewables,262.0
12/20/2021 00:00:00,EST,Wind,15.0
12/20/2021 00:00:00,EST,Hydro,2944.0